{"_step":90,"_wandb":{"runtime":297},"episode":90,"epsilon":0.05,"mean_rewards":5.955555555555554,"episode reward":89.6,"_runtime":297.605676841,"loss":113.92103576660156,"_timestamp":1.7627202373023248e+09}