{"_runtime":0.398033719,"_wandb":{"runtime":0},"_step":90,"episode":90,"mean_rewards":5.9,"loss":220.71871948242188,"episode reward":26,"_timestamp":1.7626881711995018e+09,"epsilon":0.1}