{"episode":90,"episode reward":37.199999999999996,"_runtime":264.262484772,"loss":155.08624267578125,"epsilon":0.05,"_timestamp":1.7627416717537148e+09,"_step":90,"_wandb":{"runtime":264},"mean_rewards":12.52}