{"episode":90,"loss":0.3654193580150604,"episode reward":-11.5,"mean_rewards":-13.5,"_runtime":8.086774441,"epsilon":0.05722222222222113,"_step":90,"_wandb":{"runtime":8},"_timestamp":1.761000643744285e+09}