{"episode":90,"epsilon":0.05,"episode reward":-17.6,"_step":90,"_runtime":269.72446171,"_timestamp":1.762743273804412e+09,"_wandb":{"runtime":269},"mean_rewards":2.222222222222222,"loss":59.56311798095703}