{"epsilon":0.9056978449586682,"_step":100,"_runtime":14.456613189,"episode reward":-13,"_timestamp":1.7619966286143901e+09,"episode":100,"mean_rewards":-16.675,"loss":0.9914511442184448,"_wandb":{"runtime":14}}