{"loss":90.48036193847656,"_wandb":{"runtime":9},"episode reward":-0.5,"episode":90,"mean_rewards":-15.677777777777777,"_runtime":9.976416743,"epsilon":0.10999999999999924,"_timestamp":1.7623729522308738e+09,"_step":90}