{"epsilon":0.1,"loss":346.6424255371094,"_wandb":{"runtime":264},"_timestamp":1.7627676379897945e+09,"_runtime":264.018734818,"_step":90,"mean_rewards":8.715555555555557,"episode reward":-26.4,"episode":90}