{"episode":90,"mean_rewards":13.633333333333333,"episode reward":-38.5,"loss":367.27178955078125,"_timestamp":1.7627140614823852e+09,"epsilon":0.05,"_wandb":{"runtime":266},"_runtime":266.843085795,"_step":90}