{"_timestamp":1.7645217936126893e+09,"_wandb":{"runtime":1},"_runtime":1.021638344,"epsilon":0.36806348825922275,"_step":1000,"loss":0.47573232650756836,"episode":1000,"episode reward":-9.3,"mean_rewards":-11.128279547324473}