{"_runtime":1821.069332461,"_timestamp":1.7606242710419497e+09,"episode reward":-19,"_wandb":{"runtime":1821},"epsilon":0.6911000000000009,"_step":90,"mean_rewards":-8.716666666666667,"loss":237.2327117919922,"episode":90}