{"_step":90,"_wandb":{"runtime":322},"mean_rewards":3.0844444444444448,"loss":111.14750671386719,"_timestamp":1.7627269691540134e+09,"episode reward":89.6,"episode":90,"epsilon":0.1,"_runtime":322.572966889}