{"_timestamp":1.7627129821800668e+09,"episode":90,"mean_rewards":17.983333333333334,"_wandb":{"runtime":370},"_runtime":370.27328685,"epsilon":0.1,"_step":90,"episode reward":-35.5,"loss":734.4684448242188}