{"_wandb":{"runtime":3},"epsilon":0.1,"mean_rewards":4.516666666666667,"_timestamp":1.7626530736519623e+09,"_runtime":3.515490935,"loss":121.7981948852539,"_step":90,"episode":90,"episode reward":-20.5}