{"_step":90,"episode":90,"loss":438.54937744140625,"mean_rewards":13.766666666666667,"_wandb":{"runtime":268},"epsilon":0.05,"episode reward":-34,"_runtime":268.082387101,"_timestamp":1.762713792611094e+09}