{"_timestamp":1.7626961755223715e+09,"episode reward":-37,"epsilon":0.1,"loss":344.256591796875,"_runtime":198.781672006,"episode":90,"_wandb":{"runtime":198},"mean_rewards":6.3,"_step":90}