{"mean_rewards":2.45,"_runtime":199.0323297,"_step":90,"episode reward":36.5,"epsilon":0.05,"_wandb":{"runtime":199},"loss":194.28744506835938,"_timestamp":1.7627015790536478e+09,"episode":90}