{"_runtime":390.451142045,"_timestamp":1.7627400842021718e+09,"loss":212.1171112060547,"_wandb":{"runtime":390},"episode reward":52.8,"episode":90,"mean_rewards":4.097777777777778,"epsilon":0.1,"_step":90}