{"episode reward":-17.6,"mean_rewards":11.577777777777781,"loss":440.4507751464844,"episode":90,"_runtime":264.972535659,"_timestamp":1.7627430024647527e+09,"epsilon":0.05,"_step":90,"_wandb":{"runtime":264}}