{"mean_rewards":-14.275,"episode":20,"_step":20,"episode reward":-10,"loss":0.8414349555969238,"epsilon":0.050094999999999806,"_wandb":{"runtime":5483},"_runtime":5483.948805616,"_timestamp":1.7619295153289661e+09}