{"_wandb":{"runtime":42},"loss":1.3404514789581299,"_step":90,"epsilon":0.10999999999999924,"mean_rewards":-12.833333333333334,"episode":90,"episode reward":-32.5,"_timestamp":1.762606033955799e+09,"_runtime":42.458055976}