{"_timestamp":1.7626928096812744e+09,"episode reward":-31,"episode":90,"mean_rewards":8.516666666666667,"_runtime":275.027748852,"_step":90,"epsilon":0.05,"_wandb":{"runtime":275},"loss":210.15335083007812}