{"epsilon":0.1,"episode":90,"_wandb":{"runtime":298},"loss":180.38211059570312,"mean_rewards":17.335555555555555,"_timestamp":1.7627560581898506e+09,"_runtime":298.199698517,"_step":90,"episode reward":-22.800000000000004}