{"mean_rewards":7.283333333333333,"episode reward":36.5,"epsilon":0.1,"loss":759.3497924804688,"episode":90,"_runtime":253.461588341,"_wandb":{"runtime":253},"_timestamp":1.7627029794870238e+09,"_step":90}