{"epsilon":0.1,"_step":90,"loss":113.70591735839844,"_timestamp":1.7627229243372626e+09,"_runtime":266.39105748,"mean_rewards":2.7333333333333334,"episode":90,"_wandb":{"runtime":266},"episode reward":31.199999999999996}