{"_timestamp":1.762741933991763e+09,"_runtime":260.192772643,"loss":182.45008850097656,"episode reward":94.8,"episode":90,"_wandb":{"runtime":260},"_step":90,"mean_rewards":-0.06666666666666714,"epsilon":0.1}