{"_runtime":354.555445914,"episode reward":-7,"_wandb":{"runtime":354},"mean_rewards":-10.885,"_step":100,"_timestamp":1.7620125276182718e+09,"loss":1.1635053157806396,"episode":100,"epsilon":0.0062321360214042075}