{"_timestamp":1.7627092461281388e+09,"episode reward":-31,"epsilon":0.05,"loss":238.2865753173828,"_runtime":268.808741676,"episode":90,"mean_rewards":19.183333333333334,"_wandb":{"runtime":268},"_step":90}