{"_runtime":277.203571606,"_timestamp":1.7627086960507374e+09,"mean_rewards":25.916666666666668,"_wandb":{"runtime":277},"_step":90,"episode":90,"episode reward":-37,"loss":550.0201416015625,"epsilon":0.05}