{"episode":90,"episode reward":65,"epsilon":0.10999999999999924,"_wandb":{"runtime":3},"loss":2418.43408203125,"_timestamp":1.7626428307885773e+09,"_runtime":3.100983406,"_step":90,"mean_rewards":11.3}