{"_runtime":277.652697749,"_step":90,"_timestamp":1.7627638475153563e+09,"mean_rewards":-0.001111111111112311,"loss":149.95120239257812,"episode reward":151.7,"_wandb":{"runtime":277},"epsilon":0.05,"episode":90}