{"_wandb":{"runtime":297},"mean_rewards":0.42000000000000026,"_runtime":297.502522648,"episode":90,"_timestamp":1.7627539616865873e+09,"episode reward":-22.800000000000004,"epsilon":0.1,"_step":90,"loss":142.41964721679688}