{"_runtime":300.777422837,"loss":70.84977722167969,"episode reward":100,"epsilon":0.1,"_timestamp":1.7627403880226905e+09,"episode":90,"mean_rewards":0.2844444444444442,"_wandb":{"runtime":300},"_step":90}