{"episode reward":-25.2,"_timestamp":1.7627554590900874e+09,"loss":145.06451416015625,"_runtime":297.786651471,"mean_rewards":9.015555555555554,"_step":90,"_wandb":{"runtime":297},"epsilon":0.05,"episode":90}