{"_step":90,"epsilon":0.05,"_wandb":{"runtime":270},"episode":90,"_timestamp":1.7627237313370695e+09,"episode reward":-15.2,"loss":56.361305236816406,"mean_rewards":3.5199999999999987,"_runtime":270.525729792}