{"_timestamp":1.762879190181911e+09,"_step":90,"_wandb":{"runtime":4},"mean_rewards":8.47111111111111,"episode":90,"episode reward":79.19999999999999,"_runtime":4.338975841,"epsilon":0.1,"loss":41.45093536376953}