{"episode":90,"episode reward":16.8,"_runtime":279.600739234,"loss":73.0460433959961,"mean_rewards":6.573333333333332,"_step":90,"_timestamp":1.7627354710228162e+09,"epsilon":0.1,"_wandb":{"runtime":279}}