{"_step":90,"episode reward":-15.2,"_wandb":{"runtime":311},"_timestamp":1.762720865292819e+09,"_runtime":311.847477163,"epsilon":0.05,"episode":90,"mean_rewards":14.355555555555556,"loss":60.4385986328125}