{"_timestamp":1.764633368704467e+09,"episode reward":11.050620789073559,"_runtime":3.056634607,"loss":0.5611652731895447,"episode":1000,"mean_rewards":-34.19974135900007,"_wandb":{"runtime":3},"epsilon":0.3,"_step":1000}