{"mean_rewards":5.773333333333333,"epsilon":0.1,"loss":114.7950439453125,"_timestamp":1.7627421990324757e+09,"_wandb":{"runtime":263},"_step":90,"episode":90,"_runtime":263.53901622,"episode reward":-15.200000000000001}