{"_timestamp":1.761860922522649e+09,"_runtime":250.107999286,"loss":0.1969800591468811,"episode":100,"_wandb":{"runtime":250},"mean_rewards":-17.8,"epsilon":0.6688933333333333,"_step":100,"episode reward":-19}