{"_step":90,"_runtime":276.92069757,"epsilon":0.05,"_wandb":{"runtime":276},"_timestamp":1.762702467537985e+09,"mean_rewards":-0.8166666666666667,"loss":173.31265258789062,"episode reward":105.5,"episode":90}