{"_timestamp":1.762880410650867e+09,"epsilon":0.1,"loss":5.856533050537109,"_wandb":{"runtime":0},"_runtime":0.835351811,"episode reward":26.800000000000004,"_step":90,"mean_rewards":-0.4377777777777782,"episode":90}