{"mean_rewards":8.226666666666665,"_step":90,"epsilon":0.05,"_wandb":{"runtime":226},"episode reward":82.8,"_timestamp":1.762733838854702e+09,"_runtime":226.412984295,"loss":92.56615447998047,"episode":90}