{"_runtime":209.161104397,"_step":90,"loss":65.7639389038086,"epsilon":0.05,"episode reward":177.5,"_timestamp":1.7626972047315953e+09,"episode":90,"mean_rewards":6.616666666666666,"_wandb":{"runtime":209}}