{"epsilon":0.6911000000000009,"loss":0.4574267268180847,"_timestamp":1.7617737490219223e+09,"_runtime":320.914684321,"_wandb":{"runtime":320},"episode reward":-16,"episode":90,"_step":90,"mean_rewards":-15.933333333333334}