{"mean_rewards":-9.55,"_wandb":{"runtime":142},"_runtime":142.724733922,"episode":100,"loss":1.3922213315963745,"_timestamp":1.7620194051205113e+09,"_step":100,"episode reward":-10,"epsilon":0.0001}