{"mean_rewards":7.427777777777778,"buffer_size":15000,"loss":3.3830642700195312,"episode reward":38,"episode":90,"_runtime":3.280627916,"_timestamp":1.7628926167556372e+09,"_step":90,"_wandb":{"runtime":3},"epsilon":0.06647898035724976}