{"episode reward":35,"_wandb":{"runtime":283},"_runtime":283.516814116,"mean_rewards":4.566666666666666,"loss":154.0253448486328,"_timestamp":1.7627095312856827e+09,"_step":90,"episode":90,"epsilon":0.05}