{"_step":1000,"_runtime":2.145983643,"_timestamp":1.7646189816325471e+09,"epsilon":0.3,"episode":1000,"_wandb":{"runtime":2},"episode reward":-3,"loss":0.49052441120147705,"mean_rewards":-10.494170208639703}