{"episode reward":-24,"_wandb":{"runtime":277},"loss":208.0041961669922,"episode":90,"epsilon":0.05,"_runtime":277.929713237,"_timestamp":1.7627657780113032e+09,"_step":90,"mean_rewards":-0.10777777777777797}