{"_runtime":305.802824035,"episode reward":-18.4,"_wandb":{"runtime":305},"mean_rewards":15.511111111111111,"_timestamp":1.7627196256177595e+09,"episode":90,"loss":75.0225601196289,"_step":90,"epsilon":0.1}