{"_wandb":{"runtime":402},"mean_rewards":-2.568888888888888,"epsilon":0.1,"episode":90,"episode reward":-15.2,"_runtime":402.879757808,"_step":90,"loss":113.31379699707031,"_timestamp":1.7627396919024162e+09}