{"_wandb":{"runtime":279},"mean_rewards":2.7,"episode reward":-37,"epsilon":0.1,"_step":90,"_runtime":279.474876094,"loss":250.86306762695312,"_timestamp":1.7626914339460013e+09,"episode":90}