{"_timestamp":1.762695159792056e+09,"loss":145.05709838867188,"_wandb":{"runtime":202},"mean_rewards":10.45,"epsilon":0.05,"_runtime":202.894358326,"episode reward":-35.5,"_step":90,"episode":90}