{"_step":90,"epsilon":0.007876666666667533,"_wandb":{"runtime":4},"mean_rewards":-12.95,"loss":0.6431124806404114,"episode":90,"episode reward":-10,"_runtime":4.635013987,"_timestamp":1.761775814134635e+09}