{"_runtime":276.054045284,"episode reward":-8.5,"_wandb":{"runtime":276},"episode":90,"_step":90,"mean_rewards":-3.6333333333333333,"epsilon":0.1,"_timestamp":1.7627151933210173e+09,"loss":429.76904296875}