{"loss":16.253385543823242,"_timestamp":1.7621869909085176e+09,"_runtime":111.327524451,"_step":90,"episode":90,"_wandb":{"runtime":111},"episode reward":-31,"mean_rewards":-31.1,"epsilon":0.1}