{"mean_rewards":4.55,"epsilon":0.1,"_wandb":{"runtime":269},"_runtime":269.677105059,"_timestamp":1.7627149130181494e+09,"_step":90,"loss":599.9407348632812,"episode":90,"episode reward":-37}