{"epsilon":0.1,"episode":100,"_wandb":{"runtime":690},"loss":1.5875084400177002,"mean_rewards":-11.08,"_timestamp":1.7620313247645261e+09,"_runtime":690.427004306,"_step":100,"episode reward":-10}