{"_wandb":{"runtime":277},"episode reward":189.5,"_step":90,"_runtime":277.417461738,"episode":90,"mean_rewards":21.883333333333333,"_timestamp":1.7626922549269838e+09,"epsilon":0.05,"loss":341.4704284667969}