{"_runtime":2.459422592,"mean_rewards":-7.760000000000001,"loss":2.997225284576416,"episode reward":-19.2,"episode":90,"_timestamp":1.7629737183845139e+09,"epsilon":0.1,"_wandb":{"runtime":2},"buffer_size":15000,"_step":90}