{"episode":1000,"epsilon":0.3,"_timestamp":1.7646299946356745e+09,"_step":1000,"mean_rewards":-12.086000000000002,"episode reward":-17.5,"_wandb":{"runtime":4},"loss":0.49025478959083557,"_runtime":4.216471712}