{"mean_rewards":3.1100000000000003,"epsilon":0.1,"loss":510.7977600097656,"_step":90,"_runtime":301.083729271,"_timestamp":1.7627536643440366e+09,"episode":90,"episode reward":-26.4,"_wandb":{"runtime":301}}