{"episode reward":-26.4,"epsilon":0.05,"_wandb":{"runtime":396},"mean_rewards":14.133333333333333,"episode":90,"loss":306.67608642578125,"_timestamp":1.7627729730952518e+09,"_step":90,"_runtime":396.999389391}