{"episode reward":-28.8,"epsilon":0.05,"loss":115.32672119140625,"_runtime":295.794648779,"mean_rewards":7.2111111111111095,"_step":90,"_timestamp":1.7627551595584326e+09,"episode":90,"_wandb":{"runtime":295}}