{"epsilon":0.3,"_wandb":{"runtime":1},"_runtime":1.369412075,"mean_rewards":-2.1019593225256736,"episode reward":-0.09999999999999998,"_timestamp":1.7645079685251076e+09,"episode":1000,"_step":1000,"loss":0.22957120835781097}