{"_runtime":262.510544162,"epsilon":0.05,"_wandb":{"runtime":262},"loss":111.3658447265625,"_timestamp":1.7627725743732388e+09,"_step":90,"mean_rewards":4.108888888888887,"episode reward":109.00000000000001,"episode":90}