{"episode":90,"_timestamp":1.7627489489241326e+09,"_wandb":{"runtime":291},"_step":90,"loss":264.37322998046875,"_runtime":291.647077029,"mean_rewards":15.834444444444445,"epsilon":0.1,"episode reward":-26.4}