{"loss":18.4136905670166,"mean_rewards":6.133333333333334,"episode reward":-38,"_timestamp":1.7629552902390127e+09,"_runtime":2.9227048939999998,"_wandb":{"runtime":2},"buffer_size":15000,"epsilon":0.1,"_step":90,"episode":90}