{"_step":90,"epsilon":0.05,"_timestamp":1.7627336123148978e+09,"_runtime":293.365757129,"loss":101.88526916503906,"_wandb":{"runtime":293},"episode reward":89.6,"mean_rewards":13.826666666666663,"episode":90}