{"_wandb":{"runtime":260},"epsilon":0.05,"loss":215.12973022460938,"mean_rewards":9.05777777777778,"_runtime":260.268726969,"episode reward":-28.8,"_step":90,"_timestamp":1.7627597940413854e+09,"episode":90}