{"loss":97.50827026367188,"_runtime":6.228395776,"_timestamp":1.7621848101790142e+09,"_step":200,"mean_rewards":8.03,"epsilon":0.1,"episode":200,"_wandb":{"runtime":6},"episode reward":-7}