{"_runtime":263.082723796,"mean_rewards":16.039999999999996,"_timestamp":1.7627715325715063e+09,"episode":90,"epsilon":0.1,"_step":90,"loss":220.66928100585938,"_wandb":{"runtime":263},"episode reward":-16.9}