{"mean_rewards":-0.0600000000000003,"episode reward":-8.6,"_timestamp":1.7633250101152055e+09,"_step":90,"epsilon":0.40882017442254937,"episode":90,"_runtime":4.181771112,"loss":0.12441112846136093,"buffer_size":15000,"_wandb":{"runtime":4}}