{"episode":90,"_step":90,"loss":150.80296325683594,"mean_rewards":4.159999999999998,"episode reward":-17.6,"_wandb":{"runtime":388},"_timestamp":1.7627382136845229e+09,"_runtime":388.665501778,"epsilon":0.05}