{"epsilon":0.05,"episode":90,"mean_rewards":12.3,"_timestamp":1.7627027244371355e+09,"_step":90,"loss":179.76724243164062,"episode reward":111.5,"_wandb":{"runtime":254},"_runtime":254.874382803}