{"_timestamp":1.7629916309624662e+09,"_step":90,"_wandb":{"runtime":2},"mean_rewards":-9.348888888888888,"episode reward":-34.6,"episode":90,"epsilon":0.1,"_runtime":2.946927568,"loss":55.985450744628906}