{"episode":90,"_wandb":{"runtime":1},"_runtime":1.317585423,"mean_rewards":-5,"episode reward":-25.5,"loss":34.054534912109375,"epsilon":0.1,"_timestamp":1.7626557523170946e+09,"_step":90}