{"epsilon":0.1,"mean_rewards":-6.4,"episode reward":-35.5,"_step":150,"episode":150,"_runtime":17.034771574,"loss":28.64381980895996,"_wandb":{"runtime":17},"_timestamp":1.7621015735847168e+09}