{"episode":90,"_timestamp":1.7626090642170527e+09,"_wandb":{"runtime":49},"_runtime":49.320030019,"epsilon":0.10999999999999924,"_step":90,"mean_rewards":11.916666666666666,"episode reward":200,"loss":256.27618408203125}