{"mean_rewards":8.733333333333333,"episode reward":84.5,"_wandb":{"runtime":0},"_runtime":0.925082759,"_step":90,"epsilon":0.1,"_timestamp":1.7626869764299085e+09,"loss":330.5848083496094,"episode":90}