{"epsilon":0.1,"_step":90,"loss":486.46563720703125,"episode":90,"mean_rewards":7.55,"_timestamp":1.7627051391659918e+09,"episode reward":-31,"_wandb":{"runtime":311},"_runtime":311.309980307}