{"epsilon":0.3,"episode":1000,"_timestamp":1.7643396574290836e+09,"_step":1000,"_runtime":2.242770025,"episode reward":-11.15316980026294,"loss":1.0108699798583984,"mean_rewards":-9.473304987945626,"_wandb":{"runtime":2}}