{"episode":90,"episode reward":-15.2,"loss":108.046875,"_step":90,"mean_rewards":5.546666666666665,"_runtime":274.758460067,"epsilon":0.05,"_wandb":{"runtime":274},"_timestamp":1.7627438199853573e+09}