{"_wandb":{"runtime":270},"episode reward":-27.6,"loss":260.76776123046875,"episode":90,"_runtime":270.608924483,"_step":90,"mean_rewards":12.280000000000001,"epsilon":0.05,"_timestamp":1.7627616954181075e+09}