{"epsilon":0.05,"mean_rewards":6.728888888888888,"_wandb":{"runtime":361},"loss":35.0859489440918,"_step":90,"episode reward":-15.2,"_timestamp":1.7627388642248044e+09,"_runtime":361.48141182,"episode":90}