{"episode":90,"_runtime":249.364854529,"epsilon":0.05,"mean_rewards":10.16,"episode reward":-15.199999999999998,"loss":120.48320007324219,"_timestamp":1.7627411529800844e+09,"_step":90,"_wandb":{"runtime":249}}