{"episode reward":-36,"_timestamp":1.76333355076202e+09,"mean_rewards":-33.11777777777778,"epsilon":0.40882017442254937,"_wandb":{"runtime":1},"_runtime":1.5441923229999999,"loss":4.270687103271484,"_step":90,"episode":90}