{"loss":13.283239364624023,"buffer_size":10000,"mean_rewards":4.466666666666667,"_step":90,"epsilon":0.16562303420562907,"_timestamp":1.762895764518918e+09,"_runtime":3.160918162,"_wandb":{"runtime":3},"episode":90,"episode reward":-33}