{"episode reward":-35.5,"buffer_size":15000,"episode":90,"mean_rewards":-23.133333333333333,"_step":90,"_timestamp":1.762974830235464e+09,"epsilon":0.1,"loss":9.038012504577637,"_runtime":2.36702096,"_wandb":{"runtime":2}}