{"_timestamp":1.7645128858509526e+09,"_step":1000,"episode reward":-34.05,"_runtime":4.5268997859999995,"_wandb":{"runtime":4},"episode":1000,"mean_rewards":-20.174896857622272,"epsilon":0.3,"loss":0}