{"_wandb":{"runtime":200},"epsilon":0.05,"loss":238.3203582763672,"_timestamp":1.7626953618359551e+09,"_step":90,"episode":90,"_runtime":200.620573402,"mean_rewards":6.433333333333334,"episode reward":-31}