{"critic_loss":167.68150787353517,"_runtime":224,"actor_loss":0.003218301199376583,"entropy":0.6204389035701752,"avg_episode_reward":6.672000000000001,"_wandb":{"runtime":224},"episode":975,"_timestamp":1.76307515406001e+09,"_step":39,"mean_reward_100":17.964}