{"_step":1000,"episode reward":-5.949999999999999,"loss":0,"epsilon":0.3,"_runtime":3.115102173,"mean_rewards":-4.995767154716577,"_wandb":{"runtime":3},"episode":1000,"_timestamp":1.7645116626468654e+09}