{"_runtime":259.051293494,"episode":90,"episode reward":-26.4,"_timestamp":1.7627717932448304e+09,"_step":90,"mean_rewards":10.182222222222224,"epsilon":0.1,"loss":252.4687957763672,"_wandb":{"runtime":259}}