{"_runtime":12.944004957,"mean_rewards":-2.4833333333333334,"episode":90,"epsilon":0.16562303420562907,"_wandb":{"runtime":12},"loss":243.3467559814453,"_step":90,"episode reward":-17,"_timestamp":1.7621231574500961e+09}