{"loss":0,"mean_rewards":-15.631000000000004,"_runtime":3.826511077,"episode reward":0.7999999999999998,"_wandb":{"runtime":3},"_timestamp":1.764628256555051e+09,"episode":1000,"epsilon":0.3,"_step":1000}