{"_timestamp":1.7627569627896423e+09,"episode":90,"_runtime":299.873819587,"mean_rewards":9.101111111111111,"_wandb":{"runtime":299},"episode reward":133.89999999999998,"_step":90,"epsilon":0.05,"loss":229.4668426513672}