{"_wandb":{"runtime":3},"_timestamp":1.7626552650940835e+09,"epsilon":0.1,"_step":90,"_runtime":3.728432413,"episode reward":-37,"mean_rewards":-5.35,"loss":310.5538330078125,"episode":90}