{"_step":1000,"episode":1000,"loss":0.4528660476207733,"_timestamp":1.764338146638801e+09,"epsilon":0.3,"_wandb":{"runtime":3},"_runtime":3.410191904,"mean_rewards":5.2797035493666735,"episode reward":20.73038450002665}