{"loss":125.7890396118164,"_wandb":{"runtime":264},"episode":90,"mean_rewards":3.438888888888889,"_runtime":264.486144424,"epsilon":0.1,"episode reward":-26.4,"_timestamp":1.7627632930617561e+09,"_step":90}