{"_step":90,"_timestamp":1.7627103919546468e+09,"_wandb":{"runtime":286},"_runtime":286.01290589,"mean_rewards":6.583333333333333,"episode reward":-35.5,"episode":90,"epsilon":0.1,"loss":294.81817626953125}