{"_step":90,"_runtime":193.784701747,"epsilon":0.05,"loss":327.50640869140625,"_timestamp":1.7626983942652946e+09,"episode reward":-10,"episode":90,"mean_rewards":16.216666666666665,"_wandb":{"runtime":193}}