{"episode reward":-25.2,"epsilon":0.05,"_runtime":255.214121012,"_step":90,"_wandb":{"runtime":255},"mean_rewards":9.582222222222223,"loss":361.4185485839844,"episode":90,"_timestamp":1.7627699756551445e+09}