{"episode reward":-22.8,"loss":273.3681945800781,"_step":90,"mean_rewards":12.435555555555554,"epsilon":0.05,"_wandb":{"runtime":272},"_runtime":272.962180658,"episode":90,"_timestamp":1.762766052776636e+09}