{"_wandb":{"runtime":277},"_step":90,"_runtime":277.263891532,"mean_rewards":7.653333333333332,"epsilon":0.05,"loss":35.298797607421875,"_timestamp":1.7627263066167903e+09,"episode":90,"episode reward":17.6}