{"episode reward":-35.5,"_wandb":{"runtime":257},"_step":90,"epsilon":0.1,"episode":90,"_runtime":257.141887695,"loss":600.4613647460938,"mean_rewards":17.7,"_timestamp":1.7626911528579702e+09}