{"_wandb":{"runtime":260},"_step":90,"_runtime":260.021967335,"episode":90,"mean_rewards":5.35,"epsilon":0.1,"_timestamp":1.7627037708168924e+09,"loss":300.2727355957031,"episode reward":72.5}