{"_runtime":2.687815927,"mean_rewards":8.292,"epsilon":0.1,"_timestamp":1.7631141100366938e+09,"_wandb":{"runtime":2},"_step":200,"episode reward":23.6,"episode":200,"loss":118.13200378417969}