{"_wandb":{"runtime":0},"_runtime":0.799126313,"loss":1.8400665521621704,"_timestamp":1.7620171336648822e+09,"mean_rewards":-9.535,"episode":100,"episode reward":-10,"epsilon":0.0001,"_step":100}