{"_wandb":{"runtime":301},"_runtime":301.382382072,"epsilon":0.1,"mean_rewards":1.4444444444444438,"episode reward":-15.199999999999998,"loss":37.40528869628906,"_timestamp":1.7627279868075144e+09,"_step":90,"episode":90}