{"mean_rewards":4.777312249536066,"_step":1000,"loss":0.18751151859760284,"_wandb":{"runtime":1},"_timestamp":1.7645124381180217e+09,"episode reward":-5.95,"episode":1000,"epsilon":0.3,"_runtime":1.7207704270000002}