{"loss":113.26658630371094,"epsilon":0.05,"_timestamp":1.7627600615508506e+09,"_wandb":{"runtime":265},"mean_rewards":-1.0622222222222237,"episode reward":-27.6,"_step":90,"episode":90,"_runtime":265.529232612}