{"_runtime":322.325697258,"epsilon":0.6801000000000021,"_wandb":{"runtime":322},"mean_rewards":-15.685,"_timestamp":1.760633851671956e+09,"_step":200,"episode reward":-16,"loss":4.120861053466797,"episode":200}