{"_runtime":193.529266937,"episode reward":-23.5,"_timestamp":1.7626978073067331e+09,"epsilon":0.1,"loss":389.9958190917969,"mean_rewards":22.183333333333334,"_wandb":{"runtime":193},"_step":90,"episode":90}