{"episode":90,"_runtime":306.480180203,"episode reward":-17.6,"_step":90,"mean_rewards":4.83111111111111,"epsilon":0.05,"loss":33.46013641357422,"_timestamp":1.7627187002528656e+09,"_wandb":{"runtime":306}}