{"loss":139.0479736328125,"_runtime":1.221323,"_step":90,"episode reward":37.999999999999986,"_timestamp":1.7628771089892786e+09,"epsilon":0.1,"_wandb":{"runtime":1},"mean_rewards":3.8399999999999994,"episode":90}