{"_runtime":40.157755149,"episode":90,"loss":944.6055908203125,"epsilon":0.1,"_timestamp":1.7622030847750013e+09,"_step":90,"episode reward":23,"mean_rewards":17.516666666666666,"_wandb":{"runtime":40}}