{"_timestamp":1.7627062591535952e+09,"epsilon":0.05,"_runtime":274.382304895,"mean_rewards":2.3333333333333335,"_step":90,"episode reward":-35.5,"_wandb":{"runtime":274},"episode":90,"loss":443.676025390625}