{"episode reward":-27.6,"loss":484.84228515625,"_step":90,"episode":90,"_timestamp":1.7627720478344233e+09,"mean_rewards":9.985555555555557,"_runtime":252.583109239,"epsilon":0.05,"_wandb":{"runtime":252}}