{"episode":90,"mean_rewards":17.08888888888889,"epsilon":0.1,"_timestamp":1.7629877187427745e+09,"_runtime":1.5638836870000001,"buffer_size":15000,"_wandb":{"runtime":1},"_step":90,"episode reward":115,"loss":11.149720191955566}