{"_wandb":{"runtime":8},"episode":1000,"epsilon":0.3,"_runtime":8.376197575,"loss":0,"mean_rewards":-0.7522356270868465,"_step":1000,"episode reward":0.6000000000000036,"_timestamp":1.764602698712449e+09}