{"loss":1.2995383739471436,"_wandb":{"runtime":0},"_runtime":0.945337125,"episode reward":-10,"epsilon":0.0001,"_timestamp":1.7620181059911737e+09,"_step":100,"episode":100,"mean_rewards":-9.745}