{"_wandb":{"runtime":279},"episode reward":-37,"_timestamp":1.7627162964080112e+09,"episode":90,"mean_rewards":-5.683333333333334,"epsilon":0.05,"_step":90,"loss":413.10107421875,"_runtime":279.931941987}