{"_runtime":385.540574988,"epsilon":0.010099000000001343,"loss":1.0894665718078613,"_step":100,"episode":100,"_wandb":{"runtime":385},"mean_rewards":-13.33,"_timestamp":1.761935734897161e+09,"episode reward":-10}