{"episode reward":-31,"loss":559.6085205078125,"_timestamp":1.762696788555523e+09,"_wandb":{"runtime":201},"mean_rewards":14.433333333333334,"_step":90,"episode":90,"_runtime":201.792165506,"epsilon":0.05}