{"_runtime":2.75904023,"mean_rewards":-1.3955555555555517,"epsilon":0.6401093727576664,"episode reward":33.59999999999996,"episode":90,"_wandb":{"runtime":2},"_timestamp":1.7636583552771819e+09,"_step":90,"loss":0.21278908848762512}