{"_wandb":{"runtime":324},"loss":160.5289306640625,"_timestamp":1.7627307953929145e+09,"epsilon":0.1,"_step":90,"episode":90,"_runtime":324.879482867,"episode reward":0.40000000000000036,"mean_rewards":8.924444444444443}