{"episode":90,"_runtime":199.9861508,"loss":511.80548095703125,"_timestamp":1.7626976123885717e+09,"mean_rewards":9.3,"_step":90,"epsilon":0.1,"_wandb":{"runtime":199},"episode reward":179}