{"loss":314.88067626953125,"_timestamp":1.7626989721086345e+09,"mean_rewards":11.533333333333333,"episode reward":-22,"_wandb":{"runtime":192},"_step":90,"_runtime":192.91666653,"episode":90,"epsilon":0.05}