{"episode":90,"episode reward":107,"epsilon":0.1,"_runtime":277.491162713,"_step":90,"_wandb":{"runtime":277},"mean_rewards":30.2,"loss":595.1348876953125,"_timestamp":1.762710671711678e+09}