{"_step":90,"mean_rewards":4.7444444444444445,"_runtime":8.839161286,"loss":222.8789825439453,"_timestamp":1.762124426263789e+09,"episode reward":95,"episode":90,"epsilon":0.16562303420562907,"_wandb":{"runtime":8}}