{"_runtime":291.60810247,"mean_rewards":19.05555555555555,"loss":143.6017303466797,"episode":90,"_step":90,"episode reward":-16.9,"_wandb":{"runtime":291},"epsilon":0.05,"_timestamp":1.7627477705644045e+09}