{"episode":90,"_step":90,"loss":1.1430208683013916,"mean_rewards":-9.57555555555555,"episode reward":-34.39999999999999,"epsilon":0.40882017442254937,"_wandb":{"runtime":4},"_runtime":4.372603748,"_timestamp":1.7634101169373317e+09}