{"mean_rewards":-2.85,"_runtime":9.964510864,"_timestamp":1.7622043037973108e+09,"episode reward":-35.5,"_wandb":{"runtime":9},"_step":90,"epsilon":0.007876666666667533,"episode":90,"loss":1089.1065673828125}