{"_runtime":0.855814195,"loss":0,"_timestamp":1.7647193891838396e+09,"_step":1000,"mean_rewards":-2211.5681554943562,"episode reward":-2309.9127200978232,"epsilon":0.3,"episode":1000,"_wandb":{"runtime":0}}