{"epsilon":0.1,"_wandb":{"runtime":159},"episode reward":-31,"_step":100,"loss":106.08943939208984,"_timestamp":1.7620356332325332e+09,"mean_rewards":-7.57,"episode":100,"_runtime":159.184969206}