{"_step":90,"episode reward":-8.5,"epsilon":0.1,"_runtime":5.80228893,"episode":90,"mean_rewards":10.127777777777778,"loss":176.2542266845703,"_timestamp":1.762186341942387e+09,"_wandb":{"runtime":5}}