{"_wandb":{"runtime":5},"episode":1000,"episode reward":0,"_step":1000,"mean_rewards":-3.3940190352177977,"_timestamp":1.7645106085240064e+09,"_runtime":5.147864641,"epsilon":0.3,"loss":NaN}