{"_runtime":92.089479865,"episode":200,"_timestamp":1.761780376265605e+09,"_wandb":{"runtime":92},"loss":1.1657359600067139,"epsilon":0.0001,"mean_rewards":-10.72,"_step":200,"episode reward":-8.5}