{"_step":90,"_timestamp":1.7627283544751575e+09,"episode":90,"mean_rewards":12.679999999999998,"episode reward":28.8,"_wandb":{"runtime":367},"epsilon":0.05,"loss":52.5560302734375,"_runtime":367.321037018}