{"_step":90,"episode reward":189.5,"_wandb":{"runtime":38},"_timestamp":1.7622026200125105e+09,"episode":90,"loss":897.4544677734375,"_runtime":38.599172062,"epsilon":0.1,"mean_rewards":12.45}