{"_wandb":{"runtime":271},"_runtime":271.291174625,"loss":175.25210571289062,"_timestamp":1.7627443653701982e+09,"episode":90,"mean_rewards":6.284444444444444,"_step":90,"epsilon":0.1,"episode reward":36.4}