{"loss":0.30003464221954346,"_timestamp":1.7640176502111118e+09,"episode reward":-41.67702489016428,"_step":1000,"mean_rewards":-33.473002708048895,"episode":1000,"_wandb":{"runtime":3},"epsilon":0.3,"_runtime":3.285328539}