{"_wandb":{"runtime":4},"_step":1000,"mean_rewards":-58.62598648320374,"episode reward":-67.29600016346546,"episode":1000,"_timestamp":1.764084338329075e+09,"_runtime":4.377388586,"loss":0.22933800518512726,"epsilon":0.3}