{"_wandb":{"runtime":78},"mean_rewards":-30.7,"_timestamp":1.7621876758525343e+09,"loss":12.839510917663574,"episode reward":-31,"epsilon":0.1,"episode":90,"_runtime":78.179422086,"_step":90}