{"epsilon":0.1,"_timestamp":1.7628775442534163e+09,"_step":90,"_runtime":3.595843567,"episode":90,"mean_rewards":-7.497777777777777,"episode reward":-14.399999999999999,"loss":109.73823547363281,"_wandb":{"runtime":3}}