{"_wandb":{"runtime":294},"loss":70.35377502441406,"episode":90,"episode reward":-15.2,"_runtime":294.305737078,"_step":90,"_timestamp":1.7627327311187592e+09,"mean_rewards":0.28444444444444417,"epsilon":0.1}