{"episode reward":17,"epsilon":0.3,"loss":0.3848803639411926,"_step":1000,"mean_rewards":5.688168007216242,"episode":1000,"_wandb":{"runtime":2},"_runtime":2.912182106,"_timestamp":1.764622042242501e+09}