{"_step":90,"_wandb":{"runtime":266},"_runtime":266.201573761,"epsilon":0.05,"loss":36.42367935180664,"mean_rewards":0.46222222222222187,"_timestamp":1.762734376125248e+09,"episode":90,"episode reward":-15.2}