{"epsilon":0.1,"episode":90,"mean_rewards":9.712222222222222,"loss":522.7738647460938,"_wandb":{"runtime":260},"episode reward":-26.400000000000002,"_runtime":260.258441973,"_timestamp":1.762766854768289e+09,"_step":90}