{"_step":90,"_timestamp":1.7627165860013502e+09,"loss":75.54093933105469,"epsilon":0.1,"episode":90,"episode reward":-15.2,"mean_rewards":-1.711111111111111,"_wandb":{"runtime":288},"_runtime":288.393374034}