{"mean_rewards":5.283333333333333,"_step":90,"episode reward":24.5,"loss":178.33395385742188,"_wandb":{"runtime":189},"episode":90,"epsilon":0.05,"_timestamp":1.7626987777626946e+09,"_runtime":189.641336607}