{"_runtime":272.341893111,"episode reward":-16.8,"_timestamp":1.7627231962536418e+09,"episode":90,"_wandb":{"runtime":272},"loss":55.87067794799805,"_step":90,"mean_rewards":7.444444444444445,"epsilon":0.1}