{"mean_rewards":16.416666666666668,"_step":90,"loss":499.29071044921875,"episode reward":-31,"epsilon":0.1,"episode":90,"_wandb":{"runtime":202},"_runtime":202.494051569,"_timestamp":1.7627007699142692e+09}