{"_runtime":196.568606342,"_step":90,"loss":310.9293518066406,"episode reward":-31,"epsilon":0.1,"mean_rewards":3.85,"_wandb":{"runtime":196},"_timestamp":1.762699359479146e+09,"episode":90}