{"episode":90,"_wandb":{"runtime":340},"mean_rewards":22.55,"episode reward":-37,"_step":90,"_runtime":340.690884765,"_timestamp":1.7627075117336318e+09,"loss":358.78594970703125,"epsilon":0.1}