{"_runtime":309.386575076,"mean_rewards":1.8133333333333335,"epsilon":0.1,"episode":90,"_wandb":{"runtime":309},"_step":90,"episode reward":12.4,"loss":59.51369094848633,"_timestamp":1.7627193170374272e+09}