{"_wandb":{"runtime":302},"_runtime":302.712646898,"_timestamp":1.762714643435421e+09,"episode":90,"loss":579.675048828125,"_step":90,"mean_rewards":9.866666666666667,"episode reward":-31,"epsilon":0.1}