{"_timestamp":1.7627042954375591e+09,"_step":90,"_runtime":260.347502076,"episode":90,"_wandb":{"runtime":260},"loss":294.3433532714844,"episode reward":189.5,"epsilon":0.05,"mean_rewards":9.85}