{"epsilon":0.01,"mean_rewards":33.36,"episode reward":40.8,"_runtime":8.624685888,"_timestamp":1.763655126539571e+09,"episode":1200,"loss":3.6245322227478027,"_wandb":{"runtime":8},"_step":1200}