{"_step":90,"_wandb":{"runtime":298},"episode reward":151.7,"epsilon":0.1,"_timestamp":1.7627518672645347e+09,"loss":185.12893676757812,"mean_rewards":9.894444444444442,"_runtime":298.588073224,"episode":90}