{"_timestamp":1.7643411457002113e+09,"_wandb":{"runtime":0},"_step":1000,"episode reward":5.525731820195407,"epsilon":0.3,"_runtime":0.80229463,"loss":0.4945353865623474,"episode":1000,"mean_rewards":9.042232701004952}