{"epsilon":0.05,"_wandb":{"runtime":258},"loss":72.2031021118164,"_runtime":258.727624247,"_timestamp":1.7627234588931463e+09,"episode":90,"mean_rewards":4.533333333333332,"episode reward":94.8,"_step":90}