{"mean_rewards":2.25,"episode reward":-31,"_wandb":{"runtime":272},"epsilon":0.1,"loss":372.0829772949219,"_timestamp":1.762691705944779e+09,"_step":90,"episode":90,"_runtime":272.749297094}