{"_wandb":{"runtime":44},"loss":30.763805389404297,"mean_rewards":-10.916666666666666,"episode reward":17.5,"_timestamp":1.762104237975826e+09,"episode":90,"_runtime":44.091919114,"epsilon":0.1,"_step":90}