{"_timestamp":1.7623588845904903e+09,"epsilon":0.00676555555555563,"loss":2115.56396484375,"mean_rewards":6.366666666666666,"_wandb":{"runtime":8},"episode":90,"episode reward":200,"_step":90,"_runtime":8.576005156}