{"_wandb":{"runtime":785},"_runtime":785.685532863,"loss":1.741737723350525,"episode":200,"_timestamp":1.7617774012288296e+09,"mean_rewards":-12.865,"_step":200,"episode reward":-10,"epsilon":0.0001}