{"_timestamp":1.7626947485784087e+09,"mean_rewards":6.15,"_runtime":1246.45055091,"epsilon":0.1,"episode":90,"loss":115.63311767578125,"_step":90,"_wandb":{"runtime":1246},"episode reward":-35.5}