{"mean_rewards":3.4166666666666665,"_runtime":207.934634442,"loss":207.8162384033203,"_timestamp":1.7626957749014025e+09,"episode":90,"episode reward":-20.5,"epsilon":0.05,"_step":90,"_wandb":{"runtime":207}}