{"_timestamp":1.7620200181346166e+09,"loss":1.522953748703003,"mean_rewards":-9.415,"_step":100,"episode":100,"_wandb":{"runtime":1},"_runtime":1.168551443,"epsilon":0.0001,"episode reward":-8.5}