{"_runtime":358.25793457,"episode reward":77.6,"epsilon":0.1,"loss":56.761756896972656,"_wandb":{"runtime":358},"episode":90,"_timestamp":1.7627223764551377e+09,"_step":90,"mean_rewards":3.1599999999999984}