{"_runtime":297.792470503,"_wandb":{"runtime":297},"_step":90,"_timestamp":1.7627527559380324e+09,"loss":168.05087280273438,"mean_rewards":18.674444444444447,"episode reward":143.4,"episode":90,"epsilon":0.05}