{"loss":726.5597534179688,"_runtime":281.70884048,"epsilon":0.05,"episode":90,"mean_rewards":21.3,"_timestamp":1.762711249082924e+09,"_step":90,"_wandb":{"runtime":281},"episode reward":-35.5}