{"loss":202.45785522460938,"episode":90,"mean_rewards":-13.816666666666666,"episode reward":-35.5,"epsilon":0.10999999999999924,"_runtime":7.121037182,"_wandb":{"runtime":7},"_step":90,"_timestamp":1.7624516864457397e+09}