{"episode reward":-15.2,"epsilon":0.1,"_wandb":{"runtime":292},"episode":90,"mean_rewards":11.524444444444443,"loss":114.11170959472656,"_timestamp":1.7627375100231032e+09,"_runtime":292.033071116,"_step":90}