{"_wandb":{"runtime":1},"_runtime":1.091429114,"episode":190,"mean_rewards":-32.69407656608369,"episode reward":-47.77863063774448,"epsilon":0.3,"_timestamp":1.763683219344906e+09,"_step":190}