{"episode":90,"mean_rewards":5.164444444444443,"loss":26.9786434173584,"epsilon":0.1,"_runtime":277.668770842,"_wandb":{"runtime":277},"_step":90,"_timestamp":1.7627226563578098e+09,"episode reward":37.99999999999999}