{"mean_rewards":-1.1222222222222198,"_wandb":{"runtime":7},"epsilon":0.40882017442254937,"_timestamp":1.7634182903375938e+09,"episode reward":11.8,"_step":90,"loss":0.74043869972229,"_runtime":7.446067498,"episode":90}