{"_step":90,"epsilon":0.1,"episode":90,"_wandb":{"runtime":12},"loss":3.3043322563171387,"_timestamp":1.762983357509992e+09,"mean_rewards":-27.633333333333333,"episode reward":-31,"_runtime":12.497377203}