{"_runtime":332.023066974,"_timestamp":1.7627318347604163e+09,"episode":90,"_wandb":{"runtime":332},"mean_rewards":10.26222222222222,"episode reward":-15.2,"_step":90,"epsilon":0.05,"loss":76.37724304199219}