{"loss":176.75320434570312,"_timestamp":1.762754861772774e+09,"_step":90,"epsilon":0.05,"_wandb":{"runtime":298},"_runtime":298.39980073,"episode":90,"episode reward":160,"mean_rewards":6.774444444444445}