{"epsilon":0.05,"_timestamp":1.7627071688523445e+09,"_step":90,"loss":265.17578125,"_wandb":{"runtime":345},"mean_rewards":6.966666666666667,"_runtime":345.496776291,"episode":90,"episode reward":-35.5}