{"mean_rewards":13.563333333333334,"_wandb":{"runtime":292},"loss":188.2764892578125,"_runtime":292.901423047,"_step":90,"episode":90,"epsilon":0.1,"episode reward":-0.3000000000000007,"_timestamp":1.7627509827229545e+09}