{"epsilon":0.1,"mean_rewards":-3.05,"_step":90,"episode":90,"_wandb":{"runtime":259},"episode reward":-35.5,"loss":103.925048828125,"_timestamp":1.7627032406645398e+09,"_runtime":259.619290165}