{"mean_rewards":-4.168888888888886,"_timestamp":1.7634122549094837e+09,"_step":90,"loss":0.5804082751274109,"_wandb":{"runtime":3},"_runtime":3.927867345,"episode reward":7.105427357601002e-15,"episode":90,"epsilon":0.40882017442254937}