{"_timestamp":1.7626985866811223e+09,"epsilon":0.05,"_wandb":{"runtime":190},"loss":163.93618774414062,"_step":90,"episode reward":-38.5,"episode":90,"mean_rewards":-3.533333333333333,"_runtime":190.948257122}