{"loss":1.3953908681869507,"episode reward":5.551115123125783e-17,"epsilon":0.40882017442254937,"mean_rewards":8.320000000000002,"_timestamp":1.7634809498504384e+09,"_step":90,"_wandb":{"runtime":3},"_runtime":3.132609187,"episode":90}