{"_step":90,"episode":90,"epsilon":0.05,"loss":185.16592407226562,"_runtime":273.8431356,"_timestamp":1.762745474929837e+09,"episode reward":-19.2,"_wandb":{"runtime":273},"mean_rewards":15.182222222222224}