{"episode reward":-35.5,"_wandb":{"runtime":342},"_timestamp":1.7626931542980623e+09,"episode":90,"epsilon":0.1,"_step":90,"mean_rewards":18.3,"_runtime":342.898153653,"loss":731.7664184570312}