{"_runtime":301.937774903,"mean_rewards":10.815555555555555,"epsilon":0.05,"_step":90,"episode":90,"_wandb":{"runtime":301},"_timestamp":1.76275216611648e+09,"episode reward":-24,"loss":136.4732208251953}