{"_wandb":{"runtime":274},"_step":90,"episode":90,"episode reward":61.19999999999999,"loss":109.64604187011719,"_runtime":274.467070681,"epsilon":0.05,"_timestamp":1.7627457513077242e+09,"mean_rewards":11.844444444444445}