{"episode":190,"_wandb":{"runtime":1},"epsilon":0.14964140560361566,"_timestamp":1.7636586539953232e+09,"_step":190,"_runtime":1.835161649,"episode reward":107.2,"mean_rewards":25.975999999999996,"loss":0.4635588526725769}