{"episode reward":-32.5,"loss":382.3959045410156,"_wandb":{"runtime":198},"epsilon":0.1,"_step":90,"mean_rewards":14.733333333333333,"_runtime":198.937410622,"episode":90,"_timestamp":1.7626959751596189e+09}