{"loss":0.8330667614936829,"mean_rewards":3.767071883805117,"epsilon":0.3,"_timestamp":1.763684445359373e+09,"episode reward":-29.28721253791941,"_runtime":0.82587978,"_step":190,"_wandb":{"runtime":0},"episode":190}