{"loss":335.21112060546875,"_step":90,"episode":90,"mean_rewards":11.1,"episode reward":-20.5,"_timestamp":1.7626995559728954e+09,"epsilon":0.1,"_runtime":195.067813011,"_wandb":{"runtime":195}}