{"_wandb":{"runtime":256},"loss":161.27139282226562,"_timestamp":1.76277023320513e+09,"_runtime":256.024700482,"mean_rewards":6.871111111111109,"_step":90,"episode":90,"epsilon":0.05,"episode reward":113.7}