{"_step":90,"mean_rewards":-6.694444444444445,"episode reward":-34,"loss":39.49634552001953,"_wandb":{"runtime":94},"_timestamp":1.762104822013345e+09,"episode":90,"_runtime":94.478140671,"epsilon":0.1}