{"_runtime":2.698940667,"epsilon":0.14964140560361566,"mean_rewards":40.36,"episode":190,"episode reward":71.99999999999996,"loss":0.22997470200061798,"_step":190,"_timestamp":1.763659189201499e+09,"_wandb":{"runtime":2}}