{"_timestamp":1.762708416539112e+09,"_step":90,"_wandb":{"runtime":283},"loss":246.9588165283203,"epsilon":0.1,"episode reward":-35.5,"_runtime":283.512218182,"episode":90,"mean_rewards":3.533333333333333}