{"mean_rewards":1.4088888888888889,"epsilon":0.1,"_wandb":{"runtime":301},"episode reward":-15.2,"episode":90,"_timestamp":1.7627369054034612e+09,"loss":51.3087158203125,"_runtime":301.842663262,"_step":90}