{"mean_rewards":20.27666666666667,"_timestamp":1.762754261489939e+09,"episode":90,"epsilon":0.1,"_wandb":{"runtime":295},"loss":250.2373809814453,"_runtime":295.261333896,"episode reward":-26.4,"_step":90}