{"loss":352.2486267089844,"epsilon":0.1,"_runtime":275.041268555,"_step":90,"episode":90,"episode reward":177.5,"_wandb":{"runtime":275},"_timestamp":1.7627056994635959e+09,"mean_rewards":9.75}