{"mean_rewards":7.2,"_runtime":193.221484529,"loss":243.86880493164062,"episode reward":-35.5,"_wandb":{"runtime":193},"_step":90,"_timestamp":1.7626981989803073e+09,"episode":90,"epsilon":0.1}