{"epsilon":0.05,"_runtime":272.800742957,"_step":90,"_timestamp":1.7627357455650623e+09,"episode":90,"episode reward":-18.4,"mean_rewards":2.0444444444444443,"loss":108.10721588134766,"_wandb":{"runtime":272}}