{"_wandb":{"runtime":5},"epsilon":0.1,"_timestamp":1.7629858129434679e+09,"_step":90,"mean_rewards":-0.3,"loss":7.423733711242676,"episode reward":27.5,"buffer_size":15000,"episode":90,"_runtime":5.8287739720000005}