{"_wandb":{"runtime":292},"episode reward":-22.8,"mean_rewards":14.540000000000001,"_timestamp":1.762747476705031e+09,"_step":90,"epsilon":0.05,"loss":271.2978820800781,"episode":90,"_runtime":292.786267244}