{"_runtime":2.904747683,"_wandb":{"runtime":2},"_step":90,"mean_rewards":-29.166666666666668,"episode reward":-31,"epsilon":0.10999999999999924,"episode":90,"loss":17.42178726196289,"_timestamp":1.762649777461166e+09}