{"_runtime":0.372515736,"mean_rewards":24.933333333333334,"_timestamp":1.7626886516228762e+09,"episode":90,"loss":642.6881713867188,"_step":90,"episode reward":-31,"epsilon":0.1,"_wandb":{"runtime":0}}