{"loss":1249.0826416015625,"_runtime":0.872291766,"_step":90,"epsilon":0.40882017442254937,"_wandb":{"runtime":0},"episode reward":-31,"episode":90,"mean_rewards":-7.033333333333333,"_timestamp":1.7626858454805293e+09}