{"_timestamp":1.762701781041703e+09,"epsilon":0.05,"loss":196.77357482910156,"episode":90,"_runtime":200.277907279,"_wandb":{"runtime":200},"mean_rewards":16.216666666666665,"_step":90,"episode reward":-35.5}