{"mean_rewards":-4.035,"_step":150,"episode":150,"episode reward":-11.5,"loss":69.22447204589844,"_timestamp":1.7621026017939937e+09,"_wandb":{"runtime":276},"epsilon":0.1,"_runtime":276.862619921}