{"episode reward":-37,"epsilon":0.1,"_step":100,"_runtime":430.936491897,"loss":99.58244323730469,"mean_rewards":-7.235,"episode":100,"_timestamp":1.7620861558213131e+09,"_wandb":{"runtime":430}}