{"episode reward":-8.55,"_wandb":{"runtime":6},"epsilon":0.3,"_timestamp":1.764516618238547e+09,"episode":1000,"_runtime":6.353163304,"loss":0.40753471851348877,"mean_rewards":-4.873919871465147,"_step":1000}