{"loss":0.5249339938163757,"episode":1000,"_step":1000,"_wandb":{"runtime":1},"episode reward":5.5,"_runtime":1.283823425,"_timestamp":1.7645199062793648e+09,"mean_rewards":-12.357930453138271,"epsilon":0.3}