{"epsilon":0.05,"_runtime":267.258142314,"loss":153.26156616210938,"_step":90,"episode reward":-26.4,"_timestamp":1.7627665910380337e+09,"episode":90,"mean_rewards":14.876666666666663,"_wandb":{"runtime":267}}