{"_runtime":292.050819243,"mean_rewards":0.48888888888888765,"_timestamp":1.7627385088191655e+09,"_wandb":{"runtime":292},"loss":85.04581451416016,"_step":90,"episode":90,"episode reward":-15.2,"epsilon":0.05}