{"_runtime":290.361277413,"_step":90,"episode reward":13.999999999999996,"loss":120.83961486816406,"_timestamp":1.76274660405478e+09,"mean_rewards":1.7044444444444422,"_wandb":{"runtime":290},"episode":90,"epsilon":0.1}