{"episode reward":-31,"_timestamp":1.7626533909225411e+09,"mean_rewards":14.016666666666667,"_wandb":{"runtime":2},"episode":90,"_runtime":2.817489708,"loss":375.6075134277344,"epsilon":0.1,"_step":90}