{"_timestamp":1.7646353388434927e+09,"loss":0.4403804540634155,"_wandb":{"runtime":1},"episode reward":-14.155042853296669,"mean_rewards":-16.22353824074664,"epsilon":0.3,"_runtime":1.493608856,"_step":1000,"episode":1000}