{"_runtime":203.123550325,"epsilon":0.0001,"_timestamp":1.7620109871855557e+09,"episode reward":-10,"mean_rewards":-9.775,"_step":100,"episode":100,"loss":1.6253612041473389,"_wandb":{"runtime":203}}