{"episode reward":9.799999999999995,"loss":0.10990743339061737,"_wandb":{"runtime":1},"_runtime":1.122335956,"_timestamp":1.76350266645117e+09,"episode":90,"epsilon":0.6401093727576664,"_step":90,"mean_rewards":-3.2577777777777777}