{"mean_rewards":-30.316666666666666,"episode":90,"_timestamp":1.762188982471897e+09,"_wandb":{"runtime":4321},"_runtime":4321.162669113,"episode reward":-31,"epsilon":0.1,"loss":18.043907165527344,"_step":90}