{"_step":100,"_timestamp":1.7620166247120202e+09,"episode reward":-10,"_runtime":1.046380257,"loss":1.611053228378296,"epsilon":0.0001,"episode":100,"_wandb":{"runtime":1},"mean_rewards":-9.475}