{"epsilon":0.40882017442254937,"episode":90,"_runtime":0.572425358,"_timestamp":1.7634743503434196e+09,"loss":1.2034469842910767,"episode reward":9.200000000000003,"_step":90,"mean_rewards":-0.08444444444444157,"_wandb":{"runtime":0}}