{"_wandb":{"runtime":295},"episode reward":-26.4,"_timestamp":1.7627506923936222e+09,"_step":90,"episode":90,"mean_rewards":5.19111111111111,"loss":251.27432250976562,"epsilon":0.05,"_runtime":295.330063469}