{"episode reward":-15.2,"_runtime":300.683892747,"_step":90,"_timestamp":1.7627324349788828e+09,"epsilon":0.1,"mean_rewards":9.088888888888889,"loss":208.68603515625,"_wandb":{"runtime":300},"episode":90}