{"_runtime":196.532393741,"episode":90,"episode reward":96.5,"loss":345.3553161621094,"mean_rewards":9.05,"_wandb":{"runtime":196},"_step":90,"_timestamp":1.762699754005882e+09,"epsilon":0.1}