{"episode":90,"mean_rewards":-8.633333333333333,"_runtime":270.821047439,"_step":90,"epsilon":0.05,"loss":142.23123168945312,"episode reward":-34,"_wandb":{"runtime":270},"_timestamp":1.762715740586542e+09}