{"epsilon":0.6911000000000009,"_wandb":{"runtime":0},"episode":90,"mean_rewards":-6.916666666666667,"loss":856.4138793945312,"episode reward":3.5,"_step":90,"_runtime":0.943383951,"_timestamp":1.7623573508117764e+09}