{"epsilon":0.05,"_wandb":{"runtime":317},"mean_rewards":12.280000000000001,"loss":121.58162689208984,"_step":90,"_runtime":317.478887183,"episode":90,"_timestamp":1.7627286757695508e+09,"episode reward":-15.2}