{"episode":90,"loss":389.27655029296875,"_runtime":249.653162171,"mean_rewards":12.692222222222224,"epsilon":0.1,"_wandb":{"runtime":249},"episode reward":151.7,"_timestamp":1.7627697187663283e+09,"_step":90}