{"_step":90,"episode":90,"episode reward":-26.4,"_wandb":{"runtime":257},"_runtime":257.540299399,"epsilon":0.1,"loss":247.6033172607422,"_timestamp":1.7627671140299113e+09,"mean_rewards":13.296666666666667}