{"_wandb":{"runtime":266},"_step":90,"mean_rewards":8.717777777777776,"_runtime":266.842418812,"_timestamp":1.7627679064720783e+09,"episode":90,"epsilon":0.05,"episode reward":87.60000000000001,"loss":229.55233764648438}