{"_timestamp":1.7627603403415763e+09,"epsilon":0.1,"_runtime":277.321606952,"_wandb":{"runtime":277},"loss":505.30328369140625,"mean_rewards":8.184444444444445,"_step":90,"episode":90,"episode reward":-27.6}