{"episode reward":-15.4,"epsilon":0.3,"_runtime":1.525139751,"loss":0.2711595594882965,"mean_rewards":-8.1,"_wandb":{"runtime":1},"_timestamp":1.7646279945897934e+09,"_step":1000,"episode":1000}