{"mean_rewards":-5.965,"loss":137.90060424804688,"episode reward":-34,"epsilon":0.1,"_timestamp":1.7623714476993504e+09,"episode":90,"_wandb":{"runtime":5},"_runtime":5.03726041,"_step":90}