{"_timestamp":1.7627035091666512e+09,"loss":202.05503845214844,"_step":90,"episode":90,"episode reward":-31,"_wandb":{"runtime":265},"epsilon":0.1,"mean_rewards":-0.2,"_runtime":265.67104102}