{"loss":271.9472961425781,"_wandb":{"runtime":265},"episode":90,"_timestamp":1.7626919756287725e+09,"mean_rewards":5.566666666666666,"episode reward":189.5,"_step":90,"_runtime":265.490307046,"epsilon":0.05}