{"episode reward":-27.6,"loss":358.38909912109375,"_runtime":265.610844982,"mean_rewards":3.284444444444444,"_wandb":{"runtime":265},"epsilon":0.05,"_timestamp":1.7627614247788367e+09,"episode":90,"_step":90}