{"_wandb":{"runtime":303},"loss":83.06224060058594,"_timestamp":1.762718091381018e+09,"mean_rewards":7.59111111111111,"_step":90,"episode":90,"_runtime":303.766803497,"episode reward":-17.6,"epsilon":0.05}