{"episode reward":-35.5,"_step":90,"episode":90,"mean_rewards":-6.05,"epsilon":0.10999999999999924,"loss":1605.2972412109375,"_wandb":{"runtime":3},"_timestamp":1.7626513711789894e+09,"_runtime":3.679239937}