{"loss":47.78783416748047,"_step":90,"mean_rewards":0.288888888888889,"_runtime":289.658693656,"episode":90,"_wandb":{"runtime":289},"episode reward":-17.6,"epsilon":0.05,"_timestamp":1.7627360366647887e+09}