{"_step":8,"episode":90,"mean_reward":-10,"epsilon":0.5199999999999998,"loss":0.23219940960407257,"_wandb":{"runtime":91},"_runtime":91,"_timestamp":1.7621825144707701e+09}