{"episode reward":-14.5,"_step":90,"_wandb":{"runtime":301},"loss":125.10346984863281,"_timestamp":1.7627578744675832e+09,"epsilon":0.05,"episode":90,"_runtime":301.706491373,"mean_rewards":13.516666666666667}