{"episode reward":-15.2,"_wandb":{"runtime":264},"_timestamp":1.7627406546688442e+09,"_step":90,"_runtime":264.078613628,"mean_rewards":8.311111111111108,"epsilon":0.1,"loss":89.94482421875,"episode":90}