{"_wandb":{"runtime":453},"loss":0.7906273603439331,"epsilon":0.3,"episode reward":-9.844707165614324,"_runtime":453.427463809,"episode":1000,"_timestamp":1.7646370836424627e+09,"_step":1000,"mean_rewards":-5.46512390302278}