{"loss":354.9014587402344,"_step":90,"epsilon":0.1,"_timestamp":1.7627689559351242e+09,"episode reward":143.4,"_runtime":257.535582573,"mean_rewards":5.662222222222223,"episode":90,"_wandb":{"runtime":257}}