{"_step":90,"_runtime":273.993350853,"_wandb":{"runtime":273},"episode reward":143.4,"epsilon":0.05,"mean_rewards":9.33333333333333,"loss":160.1478271484375,"episode":90,"_timestamp":1.7627641232585142e+09}