{"epsilon":0.1,"_step":90,"_timestamp":1.762760615020837e+09,"_runtime":272.623335142,"mean_rewards":11.16,"loss":221.295654296875,"_wandb":{"runtime":272},"episode reward":-27.6,"episode":90}