{"_runtime":202.522424656,"episode":90,"loss":167.61447143554688,"epsilon":0.05,"_step":90,"_timestamp":1.7627001617739506e+09,"episode reward":-20.5,"mean_rewards":-11.433333333333334,"_wandb":{"runtime":202}}