{"_step":100,"episode":100,"_timestamp":1.7618500872792604e+09,"episode reward":-10,"epsilon":0.0001,"_wandb":{"runtime":10732},"_runtime":10732.879229169,"loss":0.5206509828567505,"mean_rewards":-13.195}