{"_step":90,"mean_rewards":2.4833333333333334,"_runtime":203.874112293,"epsilon":0.1,"_wandb":{"runtime":203},"loss":242.22817993164062,"episode":90,"episode reward":-37,"_timestamp":1.762696585918945e+09}