{"episode":90,"loss":67.27259063720703,"_timestamp":1.762729760014014e+09,"_runtime":351.535932506,"mean_rewards":6.057777777777778,"episode reward":-16.8,"_wandb":{"runtime":351},"epsilon":0.1,"_step":90}