{"episode reward":189.5,"_wandb":{"runtime":15},"epsilon":0.10999999999999924,"episode":90,"loss":1338.1859130859375,"mean_rewards":-4.6,"_timestamp":1.7624543045777729e+09,"_step":90,"_runtime":15.720926175}