{"_runtime":27.487715492,"epsilon":0.1,"_timestamp":1.7620343948022866e+09,"loss":12.956888198852539,"episode":100,"_step":100,"_wandb":{"runtime":27},"mean_rewards":-31.03,"episode reward":-35.5}