{"epsilon":0.1,"_timestamp":1.7627649515202045e+09,"_runtime":272.848541904,"loss":186.34982299804688,"_wandb":{"runtime":272},"episode":90,"episode reward":-22.8,"mean_rewards":11.172222222222219,"_step":90}