{"episode reward":143.4,"_timestamp":1.762757570700195e+09,"_step":90,"loss":177.8582000732422,"epsilon":0.05,"_wandb":{"runtime":302},"episode":90,"mean_rewards":16.381111111111107,"_runtime":302.616924697}