{"episode":90,"_wandb":{"runtime":276},"epsilon":0.05,"episode reward":-25.200000000000003,"_timestamp":1.7627644012894e+09,"_step":90,"mean_rewards":2.462222222222221,"loss":100.80073547363281,"_runtime":276.343569949}