{"_timestamp":1.7627587465661504e+09,"episode":90,"mean_rewards":10.382222222222223,"episode reward":41.30000000000001,"epsilon":0.1,"_wandb":{"runtime":263},"loss":136.98956298828125,"_runtime":263.916968278,"_step":90}