{"episode reward":-10,"epsilon":0.0001,"_timestamp":1.762015705653343e+09,"_step":100,"_runtime":105.629606114,"_wandb":{"runtime":105},"loss":1.9717899560928345,"episode":100,"mean_rewards":-9.655}