{"_timestamp":1.7627440924200997e+09,"episode":90,"epsilon":0.1,"_step":90,"_runtime":269.884695376,"_wandb":{"runtime":269},"loss":186.51844787597656,"episode reward":-15.2,"mean_rewards":7.733333333333334}