{"_timestamp":1.7634162524504046e+09,"_wandb":{"runtime":2},"_step":90,"mean_rewards":1.7555555555555586,"epsilon":0.40882017442254937,"episode":90,"episode reward":20.2,"_runtime":2.67455801,"loss":0.5605139136314392}