{"_wandb":{"runtime":293},"_runtime":293.78703939,"_step":90,"loss":185.19686889648438,"episode":90,"episode reward":86.4,"mean_rewards":7.067777777777778,"epsilon":0.1,"_timestamp":1.762749533503179e+09}