{"episode reward":-15.2,"_wandb":{"runtime":358},"_runtime":358.523435103,"_timestamp":1.7627273294629898e+09,"epsilon":0.1,"episode":90,"mean_rewards":5.444444444444443,"loss":89.32508087158203,"_step":90}