{"epsilon":0.007876666666667533,"loss":0.33713263273239136,"_step":90,"episode":90,"_runtime":2.295693364,"_timestamp":1.7617751930788398e+09,"episode reward":-10,"_wandb":{"runtime":2},"mean_rewards":-13.5}