{"mean_rewards":-1.5777777777777782,"episode":90,"loss":55.54221725463867,"episode reward":-17.6,"epsilon":0.05,"_wandb":{"runtime":279},"_runtime":279.082168177,"_timestamp":1.7627363172706707e+09,"_step":90}