{"_runtime":292.603977654,"episode":90,"mean_rewards":4.005555555555555,"_wandb":{"runtime":292},"epsilon":0.05,"loss":147.6659393310547,"_step":90,"episode reward":-24,"_timestamp":1.7627503996514356e+09}