{"_runtime":203.451498892,"episode":90,"_timestamp":1.7626969941094232e+09,"_wandb":{"runtime":203},"loss":362.6561584472656,"_step":90,"mean_rewards":15.783333333333333,"episode reward":-31,"epsilon":0.05}