{"loss":230.78231811523438,"mean_rewards":14.5,"_runtime":201.949795163,"_step":90,"epsilon":0.05,"episode":90,"episode reward":-35.5,"_timestamp":1.7627003652547e+09,"_wandb":{"runtime":201}}