{"loss":14.70624828338623,"episode":90,"_wandb":{"runtime":2},"episode reward":-2,"_timestamp":1.7629499218786976e+09,"mean_rewards":-9.7,"buffer_size":10000,"_step":90,"epsilon":0.16562303420562907,"_runtime":2.398909065}