{"_wandb":{"runtime":311},"loss":129.39224243164062,"_timestamp":1.762720551058224e+09,"_runtime":311.466026343,"episode reward":12.399999999999999,"_step":90,"epsilon":0.05,"episode":90,"mean_rewards":4.435555555555554}