{"_step":90,"episode reward":-8.2,"epsilon":0.1,"_wandb":{"runtime":1},"mean_rewards":-4.3533333333333335,"_runtime":1.025058458,"loss":2.6831865310668945,"_timestamp":1.7628808073900132e+09,"episode":90}