{"_wandb":{"runtime":276},"_runtime":276.085823083,"loss":153.02699279785156,"mean_rewards":-11.8,"_timestamp":1.762706821122786e+09,"episode reward":-35.5,"_step":90,"epsilon":0.05,"episode":90}