{"_runtime":316.17029563,"episode reward":189.5,"mean_rewards":25.95,"_timestamp":1.7627078302155704e+09,"episode":90,"_wandb":{"runtime":316},"epsilon":0.1,"loss":328.9161071777344,"_step":90}