{"_runtime":291.489818496,"epsilon":0.1,"mean_rewards":4.235555555555555,"episode reward":-5.599999999999998,"episode":90,"_timestamp":1.7627330247398674e+09,"_wandb":{"runtime":291},"_step":90,"loss":111.92317962646484}