{"mean_rewards":-15.82,"_wandb":{"runtime":76},"episode":200,"episode reward":-14.5,"loss":3.545347213745117,"_runtime":76.762852175,"epsilon":0.6801000000000021,"_step":200,"_timestamp":1.7609826784396813e+09}