{"_runtime":263.831941009,"episode reward":-31,"_step":90,"loss":220.77294921875,"_timestamp":1.7627135226023195e+09,"_wandb":{"runtime":263},"mean_rewards":5.566666666666666,"epsilon":0.05,"episode":90}