{"_timestamp":1.7627005659879882e+09,"epsilon":0.05,"loss":128.08621215820312,"mean_rewards":5.733333333333333,"_wandb":{"runtime":199},"episode reward":-35.5,"episode":90,"_runtime":199.174932709,"_step":90}