{"_step":90,"episode":90,"_wandb":{"runtime":259},"_runtime":259.339951249,"epsilon":0.05,"loss":320.80682373046875,"mean_rewards":17.758888888888887,"episode reward":-22.800000000000004,"_timestamp":1.7627592665854018e+09}