{"episode reward":-31,"_timestamp":1.7626963805599334e+09,"_step":90,"episode":90,"_wandb":{"runtime":203},"loss":331.97857666015625,"epsilon":0.1,"mean_rewards":13,"_runtime":203.63255884}