{"_runtime":1.9576767290000001,"loss":0,"_wandb":{"runtime":1},"episode":1000,"_timestamp":1.7647189432411525e+09,"episode reward":-2426.0596641924485,"_step":1000,"mean_rewards":-2326.5932753179804,"epsilon":0.3}