{"_wandb":{"runtime":1},"_runtime":1.164678542,"episode":90,"episode reward":-25.59999999999999,"_timestamp":1.7634143145545275e+09,"mean_rewards":-5.386666666666661,"epsilon":0.40882017442254937,"loss":1.1640664339065552,"_step":90}