{"_step":90,"epsilon":0.10999999999999924,"loss":595.3606567382812,"mean_rewards":-11.883333333333333,"episode":90,"_wandb":{"runtime":3},"episode reward":87.5,"_runtime":3.90704253,"_timestamp":1.762651820126111e+09}