{"_wandb":{"runtime":3},"_runtime":3.868415372,"episode":90,"mean_rewards":12.024444444444445,"episode reward":69.4,"epsilon":0.40882017442254937,"loss":0.3148772716522217,"_step":90,"_timestamp":1.7634108443128064e+09}