{"epsilon":0.05,"_wandb":{"runtime":288},"loss":287.3722839355469,"_timestamp":1.7627681956896276e+09,"_step":90,"mean_rewards":3.2911111111111104,"episode reward":-24,"episode":90,"_runtime":288.259791381}