{"epsilon":0.05,"loss":241.96029663085938,"mean_rewards":14.826666666666668,"episode reward":66.2,"_runtime":312.455079893,"_timestamp":1.762753065117558e+09,"_step":90,"episode":90,"_wandb":{"runtime":312}}