{"_step":90,"mean_rewards":5.883333333333334,"episode":90,"loss":287.9169006347656,"_wandb":{"runtime":253},"epsilon":0.1,"episode reward":-38.5,"_timestamp":1.762690893705024e+09,"_runtime":253.841239994}