{"_step":90,"episode reward":-18.4,"_timestamp":1.7627171780003223e+09,"loss":83.75047302246094,"_runtime":293.208537503,"epsilon":0.1,"episode":90,"mean_rewards":5.08,"_wandb":{"runtime":293}}