{"episode reward":-34.90879099942125,"loss":0.5817927122116089,"_runtime":1.500693503,"episode":190,"epsilon":0.3,"_wandb":{"runtime":1},"_step":190,"_timestamp":1.7636854373756723e+09,"mean_rewards":-16.764230580669036}