{"_runtime":268.767148485,"mean_rewards":10.164444444444445,"episode reward":89.6,"loss":107.45462799072266,"_step":90,"episode":90,"epsilon":0.1,"_timestamp":1.762742735725603e+09,"_wandb":{"runtime":268}}