{"_runtime":2.672747276,"_timestamp":1.7626866087569602e+09,"_step":90,"episode":90,"_wandb":{"runtime":2},"epsilon":0.1,"loss":341.7973327636719,"mean_rewards":1.5166666666666666,"episode reward":-35.5}