{"loss":0.5840821266174316,"mean_rewards":10.888414729461417,"episode reward":25.251541000146,"_runtime":17.934390006,"epsilon":0.3,"episode":1000,"_timestamp":1.7645016555321734e+09,"_step":1000,"_wandb":{"runtime":17}}