{"_step":100,"_wandb":{"runtime":326},"episode":100,"_runtime":326.427310292,"mean_rewards":-10.06,"_timestamp":1.7620007044468875e+09,"episode reward":-10,"loss":1.4629651308059692,"epsilon":0.0001}