{"_step":90,"episode":90,"_wandb":{"runtime":276},"_runtime":276.153737571,"mean_rewards":7.15,"episode reward":-35.5,"loss":1281.626220703125,"epsilon":0.007876666666667533,"_timestamp":1.7623578544973176e+09}