{"_step":90,"episode":90,"mean_rewards":2.2377777777777776,"_timestamp":1.762770493235143e+09,"loss":225.85910034179688,"_wandb":{"runtime":258},"_runtime":258.432108356,"episode reward":-26.400000000000002,"epsilon":0.05}