{"epsilon":0.40882017442254937,"episode reward":-5.600000000000002,"_wandb":{"runtime":14},"loss":0.3646514415740967,"_timestamp":1.76350466103318e+09,"_step":90,"_runtime":14.875932547,"mean_rewards":12.435555555555558,"episode":90}