{"mean_rewards":6.839999999999998,"_timestamp":1.7627451992322667e+09,"_wandb":{"runtime":272},"_runtime":272.998875542,"episode":90,"epsilon":0.05,"loss":71.04884338378906,"_step":90,"episode reward":-19.2}