{"mean_rewards":13.216666666666667,"_runtime":264.93969323,"episode reward":-37,"loss":524.075927734375,"_step":90,"_wandb":{"runtime":264},"epsilon":0.05,"_timestamp":1.762704826381836e+09,"episode":90}