{"_step":1000,"mean_rewards":3.178587520483652,"_wandb":{"runtime":3},"_runtime":3.303311168,"episode":1000,"_timestamp":1.7646250913693166e+09,"episode reward":-0.3999999999999999,"epsilon":0.3,"loss":0.13307291269302368}