{"episode reward":-26.4,"epsilon":0.05,"_timestamp":1.7627622305035017e+09,"episode":90,"_wandb":{"runtime":263},"_runtime":263.520978815,"loss":201.8208770751953,"_step":90,"mean_rewards":2.3033333333333332}