{"_step":90,"mean_rewards":7.8311111111111105,"episode reward":-26.400000000000002,"_wandb":{"runtime":296},"_runtime":296.535856662,"epsilon":0.05,"episode":90,"loss":113.63570404052734,"_timestamp":1.7627483674489336e+09}