{"_step":90,"_runtime":361.610298157,"_timestamp":1.7627294076534433e+09,"episode reward":94.8,"epsilon":0.05,"loss":43.3677978515625,"_wandb":{"runtime":361},"mean_rewards":9.555555555555555,"episode":90}