{"mean_rewards":31.75,"_runtime":281.57079923,"episode reward":179,"_timestamp":1.7627065425929852e+09,"episode":90,"_wandb":{"runtime":281},"epsilon":0.05,"_step":90,"loss":294.3092041015625}