{"_wandb":{"runtime":0},"episode":90,"loss":812.7059326171875,"_timestamp":1.7621974522345912e+09,"_step":90,"episode reward":-38.5,"epsilon":0.1,"_runtime":0.747216046,"mean_rewards":6.966666666666667}