{"_runtime":272.394452231,"epsilon":0.05,"loss":420.5364685058594,"_step":90,"episode":90,"mean_rewards":21.016666666666666,"_timestamp":1.7627160149632163e+09,"episode reward":-37,"_wandb":{"runtime":272}}