{"_wandb":{"runtime":344},"episode":90,"epsilon":0.1,"loss":242.89944458007812,"_runtime":344.74966314,"mean_rewards":17.283333333333335,"_timestamp":1.762693500575375e+09,"_step":90,"episode reward":-31}