{"_step":90,"_runtime":1.437513748,"episode reward":-4.300000000000002,"episode":90,"epsilon":0.1,"mean_rewards":3.454444444444444,"loss":8.72954273223877,"_wandb":{"runtime":1},"_timestamp":1.762879896391483e+09}