{"mean_rewards":12.883333333333333,"loss":471.376953125,"episode":90,"_wandb":{"runtime":187},"_step":90,"_runtime":187.625968092,"epsilon":0.1,"_timestamp":1.7626991613202434e+09,"episode reward":177.5}