{"episode":90,"mean_rewards":5.715555555555554,"_runtime":310.159985931,"epsilon":0.1,"_timestamp":1.7627199354741168e+09,"_step":90,"episode reward":-10,"loss":134.74993896484375,"_wandb":{"runtime":310}}