{"epsilon":0.1,"loss":211.7145538330078,"_timestamp":1.7627590072952075e+09,"mean_rewards":13.48111111111111,"_runtime":259.136669141,"episode reward":-25.2,"_step":90,"episode":90,"_wandb":{"runtime":259}}