{"epsilon":0.1,"episode":90,"_wandb":{"runtime":1},"_step":90,"loss":3.738795518875122,"_runtime":1.344875808,"buffer_size":15000,"episode reward":-29.5,"mean_rewards":-29.4,"_timestamp":1.7629854952942328e+09}