{"episode reward":-12,"episode":90,"mean_rewards":10.738888888888889,"_step":90,"buffer_size":10000,"_wandb":{"runtime":3},"_timestamp":1.7628887203737266e+09,"epsilon":0.06647898035724976,"_runtime":3.507827484,"loss":6.535437107086182}