{"episode reward":-17.599999999999998,"loss":105.07267761230469,"_step":90,"_timestamp":1.7627304688179226e+09,"_wandb":{"runtime":363},"mean_rewards":8.973333333333333,"_runtime":363.282902872,"episode":90,"epsilon":0.1}