{"epsilon":0.1,"_timestamp":1.7627101034994724e+09,"loss":839.4197998046875,"_runtime":280.209185138,"_wandb":{"runtime":280},"_step":90,"mean_rewards":9.05,"episode":90,"episode reward":95}