{"episode":90,"_timestamp":1.7622038387065969e+09,"_runtime":28.063427797,"_step":90,"loss":1868.677001953125,"mean_rewards":-7.383333333333334,"episode reward":-35.5,"_wandb":{"runtime":28},"epsilon":0.10999999999999924}