{"loss":882.99462890625,"_runtime":317.34221017,"_wandb":{"runtime":317},"epsilon":0.011210000000001838,"episode":90,"_timestamp":1.7623584457554905e+09,"_step":90,"episode reward":189.5,"mean_rewards":7.866666666666666}