{"_step":90,"mean_rewards":1.7133333333333325,"epsilon":0.1,"episode reward":78.10000000000001,"loss":240.41140747070312,"_wandb":{"runtime":249},"_timestamp":1.7627710055356169e+09,"_runtime":249.681802877,"episode":90}