{"epsilon":0.1,"episode":90,"mean_rewards":14.367777777777778,"_runtime":251.224082699,"_wandb":{"runtime":251},"loss":316.80389404296875,"_step":90,"episode reward":-24.000000000000004,"_timestamp":1.7627692090987577e+09}