{"_step":90,"_wandb":{"runtime":202},"loss":241.06472778320312,"_runtime":202.320876218,"_timestamp":1.7626955656054976e+09,"episode":90,"episode reward":-35.5,"mean_rewards":6.8,"epsilon":0.05}