{"epsilon":0.0001,"_runtime":3.552724801,"episode reward":-10,"episode":100,"_wandb":{"runtime":3},"loss":10.954391479492188,"_timestamp":1.7619246234479218e+09,"_step":100,"mean_rewards":-12.205}