{"_runtime":386.187589974,"_timestamp":1.762001354834765e+09,"mean_rewards":-9.205,"_wandb":{"runtime":386},"epsilon":0.0001,"episode reward":-10,"loss":1.3388983011245728,"episode":100,"_step":100}