{"episode":90,"loss":80.84220886230469,"mean_rewards":2.862222222222222,"episode reward":100,"_timestamp":1.7627168848119948e+09,"epsilon":0.1,"_wandb":{"runtime":296},"_step":90,"_runtime":296.191722937}