{"epsilon":0.1,"episode reward":-22.8,"episode":90,"mean_rewards":16.04222222222222,"_timestamp":1.7627566591755192e+09,"_step":90,"loss":270.55560302734375,"_wandb":{"runtime":300},"_runtime":300.412057927}