{"_wandb":{"runtime":369},"_runtime":369.913129232,"episode reward":66.4,"loss":48.438323974609375,"_step":90,"epsilon":0.05,"mean_rewards":-1.564444444444445,"_timestamp":1.7627314993231797e+09,"episode":90}