{"_timestamp":1.7627492417348392e+09,"episode reward":-5.000000000000002,"loss":122.3348617553711,"episode":90,"_wandb":{"runtime":292},"_runtime":292.921710622,"_step":90,"mean_rewards":9.299999999999999,"epsilon":0.1}