{"_timestamp":1.7627059829236424e+09,"episode":90,"_wandb":{"runtime":281},"mean_rewards":25.066666666666666,"epsilon":0.1,"_runtime":281.041934631,"episode reward":-32.5,"loss":247.01065063476562,"_step":90}