{"_step":90,"_timestamp":1.7627584806436183e+09,"mean_rewards":11.923333333333336,"epsilon":0.1,"loss":244.6732940673828,"episode":90,"episode reward":-27.6,"_runtime":294.65976361,"_wandb":{"runtime":294}}