{"_wandb":{"runtime":3},"epsilon":0.16562303420562907,"loss":9.29446792602539,"_runtime":3.129944016,"episode reward":-34,"_step":90,"episode":90,"_timestamp":1.7629498314556262e+09,"mean_rewards":-10.333333333333334,"buffer_size":10000}