{"_step":90,"episode":90,"_timestamp":1.762772310189321e+09,"loss":249.1631317138672,"mean_rewards":14.187777777777779,"_wandb":{"runtime":260},"epsilon":0.05,"_runtime":260.645441421,"episode reward":143.4}