{"_step":90,"_runtime":276.810524564,"mean_rewards":9.966666666666667,"_timestamp":1.7627089751544497e+09,"episode reward":-37,"loss":172.7255859375,"epsilon":0.05,"episode":90,"_wandb":{"runtime":276}}