{"_wandb":{"runtime":20},"mean_rewards":3.3511111111111154,"epsilon":0.40882017442254937,"_step":90,"loss":0.17772911489009857,"_runtime":20.536293506,"episode":90,"_timestamp":1.7636579882216792e+09,"episode reward":-12.799999999999997}