{"_wandb":{"runtime":250},"mean_rewards":4.875555555555555,"loss":78.01127624511719,"_timestamp":1.7627414054985976e+09,"_step":90,"epsilon":0.05,"episode":90,"episode reward":37.19999999999999,"_runtime":250.888225498}