{"_timestamp":1.762761965180183e+09,"_step":90,"_runtime":265.924030836,"episode reward":-22.8,"loss":186.88864135742188,"epsilon":0.05,"episode":90,"_wandb":{"runtime":265},"mean_rewards":8.037777777777777}