{"epsilon":0.10999999999999924,"loss":12.27911376953125,"_step":90,"_timestamp":1.7626445603525162e+09,"_wandb":{"runtime":2},"mean_rewards":-28.966666666666665,"episode reward":-35.5,"_runtime":2.641005616,"episode":90}