{"_wandb":{"runtime":1},"epsilon":0.10999999999999924,"episode":90,"episode reward":-37,"_step":90,"_timestamp":1.762652594082088e+09,"mean_rewards":-0.6666666666666666,"_runtime":1.484291304,"loss":1422.36865234375}