{"epsilon":0.0001,"mean_rewards":-8.98,"_timestamp":1.7620017376247368e+09,"_runtime":1147.479741564,"episode reward":-10,"loss":1.2586561441421509,"episode":100,"_wandb":{"runtime":1147},"_step":100}