{"epsilon":0.0001,"_step":100,"_runtime":0.990290201,"mean_rewards":-10.525,"_timestamp":1.7619998015944884e+09,"_wandb":{"runtime":0},"loss":1.016680121421814,"episode":100,"episode reward":-10}