{"mean_rewards":17.887777777777778,"loss":231.77590942382812,"_step":90,"_timestamp":1.7627515697455678e+09,"episode":90,"epsilon":0.1,"_wandb":{"runtime":300},"_runtime":300.698792404,"episode reward":-24.000000000000004}