{"loss":101.65550231933594,"epsilon":0.05,"_step":90,"_runtime":274.165561194,"_wandb":{"runtime":274},"_timestamp":1.7627460275649521e+09,"mean_rewards":4.168888888888888,"episode reward":-15.2,"episode":90}