{"mean_rewards":119.33333333333333,"episode reward":-34,"epsilon":0.10999999999999924,"_timestamp":1.7624527838300295e+09,"episode":90,"_wandb":{"runtime":139},"_runtime":139.656399555,"loss":25224.7265625,"_step":90}