{"_wandb":{"runtime":276},"epsilon":0.1,"_runtime":276.763271216,"episode":90,"_timestamp":1.76274492409692e+09,"mean_rewards":7.977777777777776,"episode reward":-15.2,"_step":90,"loss":112.725830078125}