{"epsilon":0.05,"episode":90,"loss":168.73660278320312,"mean_rewards":3.857777777777777,"_runtime":290.169134146,"episode reward":151.7,"_wandb":{"runtime":290},"_timestamp":1.7627501092996588e+09,"_step":90}