{"_step":90,"epsilon":0.1,"_runtime":21.156109827,"episode":90,"loss":117.979736328125,"_wandb":{"runtime":21},"mean_rewards":6.045,"episode reward":-45,"_timestamp":1.762193813615892e+09}