{"epsilon":0.1,"loss":63.550506591796875,"_runtime":264.477704632,"episode":90,"episode reward":-17.6,"_step":90,"_timestamp":1.762735189655057e+09,"mean_rewards":5.408888888888888,"_wandb":{"runtime":264}}