{"episode":90,"epsilon":0.1,"_timestamp":1.7627654979657633e+09,"episode reward":143.4,"_runtime":273.195161736,"loss":218.00244140625,"_wandb":{"runtime":273},"mean_rewards":18.08555555555556,"_step":90}