{"_timestamp":1.7633227591139653e+09,"_step":90,"_runtime":3.119097537,"mean_rewards":2.088888888888889,"epsilon":0.1,"episode":90,"loss":94.10133361816406,"_wandb":{"runtime":3},"episode reward":-26.39999999999999}