{"_step":90,"_wandb":{"runtime":19},"epsilon":0.10999999999999924,"_runtime":19.603511712,"mean_rewards":-11.488888888888889,"_timestamp":1.7623709637403615e+09,"episode reward":-4.5,"loss":243.87744140625,"episode":90}