{"_step":90,"mean_rewards":1.819999999999999,"loss":90.1132583618164,"_wandb":{"runtime":296},"episode reward":-26.4,"epsilon":0.05,"_runtime":296.886641458,"episode":90,"_timestamp":1.7627480695667918e+09}