{"loss":242.1439971923828,"_timestamp":1.7627123284768925e+09,"_step":90,"epsilon":0.1,"_wandb":{"runtime":252},"_runtime":252.927201526,"episode":90,"mean_rewards":13.15,"episode reward":-37}