{"episode reward":-10,"episode":200,"loss":1.4032126665115356,"mean_rewards":-13.72,"_step":200,"_timestamp":1.7617766272014916e+09,"_wandb":{"runtime":19},"epsilon":0.0035995000000017385,"_runtime":19.596695371}