{"epsilon":0.40882017442254937,"_runtime":1.036013444,"loss":5.382320880889893,"_timestamp":1.7628824256199312e+09,"_step":90,"episode":90,"mean_rewards":4.311111111111111,"buffer_size":15000,"_wandb":{"runtime":1},"episode reward":8}