{"episode reward":17,"epsilon":0.0001,"loss":7.038222312927246,"_runtime":92.470793173,"_timestamp":1.7618615462577813e+09,"_wandb":{"runtime":92},"episode":100,"_step":100,"mean_rewards":-12.745}