{"_wandb":{"runtime":298},"epsilon":0.05,"loss":59.75517654418945,"_runtime":298.875743523,"episode reward":-9.999999999999998,"_step":90,"_timestamp":1.762725755256869e+09,"episode":90,"mean_rewards":2.5777777777777775}