{"_runtime":303.520424173,"epsilon":0.1,"episode reward":82.8,"_timestamp":1.7627190059174385e+09,"episode":90,"_wandb":{"runtime":303},"_step":90,"loss":44.18574905395508,"mean_rewards":-0.8755555555555555}