{"_timestamp":1.7627245489043527e+09,"_step":90,"mean_rewards":1.351111111111111,"episode":90,"_wandb":{"runtime":272},"_runtime":272.77133154,"episode reward":-16.8,"epsilon":0.1,"loss":159.13467407226562}