{"epsilon":0.10999999999999924,"_step":90,"_timestamp":1.7624521076638448e+09,"_wandb":{"runtime":7},"_runtime":7.993676626,"episode reward":200,"loss":1306.4915771484375,"episode":90,"mean_rewards":-3.683333333333333}