{"episode reward":-31,"_timestamp":1.7624547697399697e+09,"_runtime":204.774678255,"epsilon":0.10999999999999924,"episode":90,"_step":90,"_wandb":{"runtime":204},"mean_rewards":-5.316666666666666,"loss":1102.886474609375}