{"mean_rewards":6.995555555555555,"episode reward":-10,"_timestamp":1.7627248262592452e+09,"episode":90,"_step":90,"loss":72.244873046875,"_wandb":{"runtime":275},"_runtime":275.891876881,"epsilon":0.1}