{"episode reward":59.599999999999994,"loss":73.27835083007812,"mean_rewards":7.408888888888888,"_wandb":{"runtime":266},"_timestamp":1.7627349235026329e+09,"_runtime":266.03979646,"_step":90,"episode":90,"epsilon":0.1}