{"_runtime":256.418000834,"loss":228.4084930419922,"_step":90,"_timestamp":1.76276946736969e+09,"episode reward":-22.800000000000004,"epsilon":0.1,"mean_rewards":18.255555555555556,"_wandb":{"runtime":256},"episode":90}