{"episode reward":-31,"_step":90,"epsilon":0.1,"_wandb":{"runtime":195},"_runtime":195.415026339,"episode":90,"_timestamp":1.7626980041901002e+09,"mean_rewards":13.183333333333334,"loss":164.015380859375}