{"episode reward":-22.800000000000004,"_wandb":{"runtime":268},"_runtime":268.953208626,"epsilon":0.1,"loss":166.01348876953125,"_timestamp":1.7627608860020669e+09,"mean_rewards":4.3,"episode":90,"_step":90}