{"mean_reward_100":27.996,"critic_loss":160.59939422607422,"actor_loss":-0.012387138977646827,"avg_episode_reward":24.535999999999998,"_wandb":{"runtime":271},"_timestamp":1.7630757927559388e+09,"episode":975,"entropy":0.25472526252269745,"_step":39,"_runtime":271}