{"mean_rewards":9.35,"_runtime":282.316294761,"_wandb":{"runtime":282},"loss":573.3048095703125,"_step":90,"episode":90,"episode reward":95,"_timestamp":1.7627115332377203e+09,"epsilon":0.05}