{"_runtime":288.565731035,"mean_rewards":5.691111111111112,"_wandb":{"runtime":288},"episode reward":76.9,"loss":150.38233947753906,"_timestamp":1.762748657029029e+09,"epsilon":0.1,"_step":90,"episode":90}