{"loss":0.47590145468711853,"_step":90,"episode":90,"_wandb":{"runtime":1},"episode reward":-13,"epsilon":0.6911000000000009,"_runtime":1.007596317,"_timestamp":1.761766191925214e+09,"mean_rewards":-15.583333333333334}