{"_step":20,"mean_rewards":-12.4,"episode reward":-10,"_runtime":173.005609493,"_wandb":{"runtime":173},"epsilon":0.050094999999999806,"loss":1.2823771238327026,"episode":20,"_timestamp":1.7619350374769232e+09}