{"_timestamp":1.7626450730121884e+09,"_step":90,"episode":90,"mean_rewards":-28.916666666666668,"loss":14.395553588867188,"_runtime":3.9192415179999998,"episode reward":-31,"epsilon":0.10999999999999924,"_wandb":{"runtime":3}}