{"_wandb":{"runtime":4},"_step":90,"_timestamp":1.7633276048022232e+09,"_runtime":4.541161719,"episode reward":19.4,"loss":0.2459084540605545,"buffer_size":15000,"mean_rewards":10.511111111111115,"episode":90,"epsilon":0.40882017442254937}