{"episode":90,"_wandb":{"runtime":282},"_runtime":282.97644434,"mean_rewards":11.617777777777777,"_step":90,"loss":38.25398254394531,"_timestamp":1.7627366018065593e+09,"epsilon":0.05,"episode reward":100}