{"loss":0.6222518086433411,"_runtime":2.055578234,"_step":1000,"mean_rewards":-10.47770767437104,"epsilon":0.3,"_wandb":{"runtime":2},"episode reward":-29.900000000000002,"_timestamp":1.7645181266491275e+09,"episode":1000}