{"_step":100,"_timestamp":1.7618638082115855e+09,"episode reward":-10,"mean_rewards":-12.52,"loss":2.6626691818237305,"episode":100,"_wandb":{"runtime":730},"epsilon":0.0001,"_runtime":730.809847524}