{"_timestamp":1.762724274561052e+09,"episode":90,"_step":90,"episode reward":-17.6,"epsilon":0.05,"_runtime":267.94273794,"_wandb":{"runtime":267},"mean_rewards":12.653333333333338,"loss":85.57076263427734}