{"epsilon":0.1,"episode reward":-24,"_wandb":{"runtime":307},"mean_rewards":4.907777777777776,"episode":90,"_runtime":307.614397329,"loss":219.2780303955078,"_step":90,"_timestamp":1.7627581838456354e+09}