{"epsilon":0.1,"_runtime":302.201542559,"_timestamp":1.762753365450991e+09,"_step":90,"mean_rewards":11.596666666666664,"_wandb":{"runtime":302},"episode":90,"episode reward":-22.8,"loss":249.8663330078125}