{"episode":90,"mean_rewards":5.582222222222223,"_wandb":{"runtime":335},"episode reward":-15.2,"_step":90,"epsilon":0.1,"_timestamp":1.7627254544789677e+09,"loss":191.9132080078125,"_runtime":335.922277555}