{"_timestamp":1.7627673721760783e+09,"_runtime":256.61266695,"mean_rewards":7.308888888888886,"episode":90,"loss":512.5465698242188,"_wandb":{"runtime":256},"epsilon":0.1,"_step":90,"episode reward":86.4}