{"epsilon":0.05,"episode reward":-15.2,"_runtime":266.210420905,"mean_rewards":-0.057777777777777733,"loss":46.50919723510742,"episode":90,"_step":90,"_timestamp":1.7627341084327834e+09,"_wandb":{"runtime":266}}