{"_step":90,"_runtime":298.667280917,"mean_rewards":1.5644444444444445,"loss":29.394155502319336,"_wandb":{"runtime":298},"episode":90,"episode reward":11.600000000000001,"epsilon":0.1,"_timestamp":1.7627174813671548e+09}