{"epsilon":0.05,"episode reward":160,"loss":208.37661743164062,"episode":90,"_wandb":{"runtime":259},"_timestamp":1.7627707542881951e+09,"_step":90,"mean_rewards":8.35333333333333,"_runtime":259.159316889}