{"_wandb":{"runtime":1},"mean_rewards":-15.85,"loss":0.4501376152038574,"episode":90,"_runtime":1.2350998770000001,"_timestamp":1.7609996517320492e+09,"_step":90,"episode reward":-13,"epsilon":0.6911000000000009}