{"mean_rewards":7.916666666666667,"epsilon":0.05,"_timestamp":1.7627040335509486e+09,"_step":90,"_wandb":{"runtime":261},"episode reward":-35.5,"loss":417.774658203125,"_runtime":261.171014843,"episode":90}