{"_timestamp":1.762692533095859e+09,"_step":90,"episode":90,"_wandb":{"runtime":276},"_runtime":276.273146599,"episode reward":-31,"epsilon":0.05,"mean_rewards":17.716666666666665,"loss":235.7664031982422}