{"episode":90,"loss":485.49810791015625,"episode reward":189.5,"_wandb":{"runtime":280},"_timestamp":1.762711816256659e+09,"_runtime":280.789288967,"mean_rewards":-4.3,"epsilon":0.05,"_step":90}