{"_timestamp":1.7627321315428927e+09,"_step":90,"episode":90,"mean_rewards":1.1555555555555548,"episode reward":-15.199999999999998,"epsilon":0.05,"_wandb":{"runtime":295},"_runtime":295.121041247,"loss":61.08113479614258}