{"episode reward":151.7,"_wandb":{"runtime":258},"loss":222.82827758789062,"_timestamp":1.7627627572865396e+09,"mean_rewards":18.85,"_runtime":258.731849986,"episode":90,"epsilon":0.1,"_step":90}