{"epsilon":0.4738479773082268,"_step":150,"episode":150,"episode reward":-25.5,"mean_rewards":-16.415,"_timestamp":1.7621009163776596e+09,"_wandb":{"runtime":0},"_runtime":0.833202575,"loss":114.08338928222656}