{"mean_rewards":18.2,"epsilon":0.1,"_wandb":{"runtime":287},"_runtime":287.261670163,"_step":90,"episode reward":-35.5,"loss":799.8079833984375,"_timestamp":1.762709820907556e+09,"episode":90}