{"_timestamp":1.762737216416128e+09,"_runtime":308.952543092,"loss":94.0128173828125,"_step":90,"_wandb":{"runtime":308},"episode":90,"mean_rewards":2.9822222222222208,"episode reward":-3.9999999999999996,"epsilon":0.1}