{"episode":90,"loss":117.99708557128906,"_timestamp":1.7627013787394183e+09,"_runtime":200.081623887,"episode reward":-35.5,"_step":90,"epsilon":0.1,"mean_rewards":2.7333333333333334,"_wandb":{"runtime":200}}