{"_timestamp":1.7627211835361733e+09,"loss":38.45858383178711,"epsilon":0.05,"mean_rewards":2.702222222222222,"_wandb":{"runtime":315},"_step":90,"episode":90,"_runtime":315.827076678,"episode reward":-17.6}