{"episode":90,"epsilon":0.1,"_runtime":294.538018112,"episode reward":19.9,"mean_rewards":12.107777777777779,"loss":271.5810546875,"_step":90,"_wandb":{"runtime":294},"_timestamp":1.7627512743844597e+09}