{"episode reward":16.5,"epsilon":0.10999999999999924,"loss":220.5132293701172,"_wandb":{"runtime":39},"_step":90,"mean_rewards":-15.35,"_runtime":39.93902991,"_timestamp":1.7623717784960942e+09,"episode":90}