{"epsilon":0.05,"mean_rewards":17.84444444444444,"episode reward":-15.199999999999998,"episode":90,"_timestamp":1.7627266449343965e+09,"_step":90,"_runtime":337.075615882,"loss":93.73563385009766,"_wandb":{"runtime":337}}