{"_step":90,"episode reward":12.799999999999997,"episode":90,"epsilon":0.1,"_timestamp":1.7627630265036438e+09,"_wandb":{"runtime":267},"_runtime":267.375037091,"mean_rewards":8.917777777777777,"loss":157.3886260986328}