{"_runtime":269.511794788,"_timestamp":1.7627652227584698e+09,"episode reward":143.4,"_step":90,"loss":281.186279296875,"episode":90,"mean_rewards":19.99777777777778,"epsilon":0.1,"_wandb":{"runtime":269}}