{"_runtime":275.635521695,"episode":90,"_wandb":{"runtime":275},"epsilon":0.1,"mean_rewards":18.783333333333335,"episode reward":-22,"loss":246.8198699951172,"_timestamp":1.762714338565815e+09,"_step":90}