{"_runtime":27.678446425,"loss":3.6113827228546143,"_timestamp":1.7633386236079352e+09,"episode reward":39,"_wandb":{"runtime":27},"episode":90,"mean_rewards":-2.1999999999999966,"epsilon":0.40882017442254937,"_step":90}