{"mean_rewards":-8.1,"loss":1158.280517578125,"episode":90,"episode reward":26,"_timestamp":1.762656327594224e+09,"_runtime":12.926057177,"epsilon":0.40882017442254937,"_step":90,"_wandb":{"runtime":12}}