{"_runtime":286.940126794,"mean_rewards":12.835555555555553,"epsilon":0.1,"episode":90,"_timestamp":1.762747181785331e+09,"_wandb":{"runtime":286},"episode reward":86.4,"loss":210.5454559326172,"_step":90}