{"_timestamp":1.7627378222067325e+09,"episode":90,"epsilon":0.1,"_runtime":311.936083751,"mean_rewards":1.2133333333333336,"episode reward":-17.6,"_step":90,"loss":75.95401000976562,"_wandb":{"runtime":311}}