{"mean_rewards":4.102222222222222,"_wandb":{"runtime":340},"epsilon":0.1,"episode":90,"_timestamp":1.7627301034349806e+09,"_step":90,"_runtime":340.83776078,"episode reward":-18.4,"loss":70.35420989990234}