{"episode reward":-14.9,"_step":1000,"mean_rewards":-4.937009912865632,"_timestamp":1.7646034693582752e+09,"_runtime":1.989679546,"episode":1000,"_wandb":{"runtime":1},"epsilon":0.3,"loss":0}