{"episode":90,"_runtime":297.896093798,"epsilon":0.05,"episode reward":-26.4,"loss":213.45932006835938,"mean_rewards":0.07999999999999932,"_timestamp":1.7627545611567554e+09,"_wandb":{"runtime":297},"_step":90}