{"episode reward":-26.400000000000002,"_timestamp":1.7627684526893976e+09,"loss":383.643310546875,"_step":90,"mean_rewards":13.979999999999995,"_wandb":{"runtime":254},"_runtime":254.056243599,"episode":90,"epsilon":0.05}