{"loss":0.6587727069854736,"_runtime":4.606253355,"episode reward":-22.6,"_timestamp":1.7645222488957636e+09,"mean_rewards":-10.541358391807536,"episode":1000,"epsilon":0.36806348825922275,"_step":1000,"_wandb":{"runtime":4}}