{"episode":90,"episode reward":-34.6,"epsilon":0.1,"_step":90,"loss":9.609721183776855,"mean_rewards":-9.68,"_wandb":{"runtime":4},"_runtime":4.576745611,"_timestamp":1.7629902353467524e+09}