{"episode":90,"loss":256.1322326660156,"_step":90,"_timestamp":1.7627463102733102e+09,"_runtime":281.839540789,"mean_rewards":10.346666666666668,"_wandb":{"runtime":281},"episode reward":150.5,"epsilon":0.1}