{"_timestamp":1.7623722068804126e+09,"mean_rewards":-0.7666666666666667,"_runtime":36.964656997,"epsilon":0.10999999999999924,"_step":90,"_wandb":{"runtime":36},"loss":879.6805419921875,"episode":90,"episode reward":-31}