{"_timestamp":1.7627054206911764e+09,"loss":193.24081420898438,"_wandb":{"runtime":281},"episode reward":-31,"epsilon":0.1,"_runtime":281.554978397,"_step":90,"episode":90,"mean_rewards":7.1}