{"episode":90,"episode reward":-31,"epsilon":0.05,"mean_rewards":5.766666666666667,"loss":307.24761962890625,"_timestamp":1.7627045597663784e+09,"_wandb":{"runtime":262},"_runtime":262.948972733,"_step":90}