{"_runtime":34.673121031,"epsilon":0.3,"_step":1000,"_wandb":{"runtime":34},"loss":0,"_timestamp":1.764626698333432e+09,"episode reward":-0.8999999999999999,"episode":1000,"mean_rewards":5.241999999999999}