{"epsilon":0.05,"loss":125.35921478271484,"_wandb":{"runtime":300},"mean_rewards":9.717777777777776,"_timestamp":1.7627572657999372e+09,"_step":90,"_runtime":300.684501392,"episode":90,"episode reward":-26.4}