{"_timestamp":1.7627424649777043e+09,"episode":90,"epsilon":0.1,"_wandb":{"runtime":264},"_runtime":264.353907626,"episode reward":-16.8,"_step":90,"loss":96.60709381103516,"mean_rewards":3.28888888888889}