{"episode reward":-35.5,"_step":100,"epsilon":0.1,"loss":77.6747817993164,"_runtime":27.284852504,"_timestamp":1.762084584125476e+09,"episode":100,"_wandb":{"runtime":27},"mean_rewards":-10.915}