{"_step":100,"loss":1.3893582820892334,"_wandb":{"runtime":1088},"epsilon":0.0001,"mean_rewards":-9.97,"_timestamp":1.7620115070717645e+09,"_runtime":1088.480110142,"episode":100,"episode reward":-8.5}