{"epsilon":0.01,"_timestamp":1.7621059082310472e+09,"episode":90,"episode reward":-37,"loss":23.678028106689453,"mean_rewards":-13.922222222222222,"_step":90,"_wandb":{"runtime":362},"_runtime":362.605362465}