{"epsilon":0.05,"_wandb":{"runtime":272},"_timestamp":1.7627240049959424e+09,"_step":90,"mean_rewards":10.222222222222221,"episode":90,"episode reward":94.8,"loss":54.52415084838867,"_runtime":272.110371304}