{"episode reward":-17.6,"_runtime":330.422684126,"_timestamp":1.762731128182701e+09,"_step":90,"loss":55.94055938720703,"episode":90,"mean_rewards":6.933333333333334,"epsilon":0.05,"_wandb":{"runtime":330}}