{"mean_rewards":-26.383333333333333,"_step":90,"_timestamp":1.7623725891318984e+09,"episode reward":-28.5,"_wandb":{"runtime":4},"_runtime":4.605470348,"loss":12.200334548950195,"episode":90,"epsilon":0.10999999999999924}