{"epsilon":0.05,"loss":146.1455535888672,"_wandb":{"runtime":272},"_runtime":272.980201264,"episode reward":-22.8,"_timestamp":1.7627635681509902e+09,"_step":90,"mean_rewards":14.681111111111111,"episode":90}