{"_runtime":297.417669894,"episode":90,"epsilon":0.1,"loss":102.06185150146484,"episode reward":-34,"_step":90,"_timestamp":1.7627081302922506e+09,"_wandb":{"runtime":297},"mean_rewards":5.533333333333333}