{"_step":90,"epsilon":0.1,"_runtime":204.76466043,"loss":177.9098663330078,"episode":90,"_timestamp":1.7626949518701208e+09,"_wandb":{"runtime":204},"episode reward":131,"mean_rewards":5.9}