{"mean_rewards":-16.466666666666665,"episode reward":-16,"epsilon":0.6911000000000009,"_step":90,"_wandb":{"runtime":402},"episode":90,"loss":0.48831087350845337,"_runtime":402.362182341,"_timestamp":1.76099785354016e+09}