{"_runtime":13.9161271,"episode":90,"episode reward":-9.1,"epsilon":0.1,"loss":161.16656494140625,"_wandb":{"runtime":13},"_step":90,"mean_rewards":12.183333333333334,"_timestamp":1.7628761875035915e+09}