{"episode":90,"epsilon":0.1,"loss":538.0391235351562,"_wandb":{"runtime":255},"episode reward":-31,"_step":90,"_timestamp":1.7627120736302722e+09,"mean_rewards":11.116666666666667,"_runtime":255.902859672}