{"episode reward":-11.824025824618673,"loss":0.738440990447998,"_timestamp":1.7647169076527576e+09,"_runtime":1.797089648,"mean_rewards":-4.900960760534951,"_wandb":{"runtime":1},"_step":1000,"epsilon":0.3,"episode":1000}