{"mean_rewards":-0.6044444444444448,"_runtime":277.746373637,"episode reward":94,"epsilon":0.1,"loss":105.72129821777344,"_wandb":{"runtime":277},"_step":90,"_timestamp":1.7627446452676554e+09,"episode":90}