{"epsilon":0.10999999999999924,"_runtime":102.09577042,"loss":1244.3121337890625,"episode":90,"_timestamp":1.7624537829722457e+09,"mean_rewards":0.13333333333333333,"_wandb":{"runtime":102},"episode reward":-37,"_step":90}