{"loss":28.620281219482422,"_wandb":{"runtime":1},"mean_rewards":13.055555555555555,"epsilon":0.1,"buffer_size":15000,"_timestamp":1.7629503991594808e+09,"_runtime":1.022745397,"_step":90,"episode":90,"episode reward":-34}