{"epsilon":0.1,"_wandb":{"runtime":19},"episode reward":-28,"_timestamp":1.7621885955286384e+09,"_step":90,"loss":11.826289176940918,"episode":90,"_runtime":19.239772636,"mean_rewards":-30.166666666666668}