{"epsilon":0.1,"episode reward":-10,"_wandb":{"runtime":352},"episode":90,"_timestamp":1.762727684294752e+09,"_step":90,"mean_rewards":5.835555555555555,"_runtime":352.589015517,"loss":97.16439056396484}