{"_wandb":{"runtime":291},"_step":90,"episode":90,"epsilon":0.1,"_timestamp":1.7627333177144768e+09,"_runtime":291.491309,"loss":106.49467468261719,"mean_rewards":4.897777777777777,"episode reward":-17.6}