{"_runtime":0.937380305,"_timestamp":1.7626877281390269e+09,"loss":488.57916259765625,"_wandb":{"runtime":0},"episode":90,"_step":90,"mean_rewards":16.683333333333334,"episode reward":189.5,"epsilon":0.1}