{"_timestamp":1.7645074413975043e+09,"loss":0.4169918894767761,"episode reward":-9.099999999999998,"_runtime":2.112585353,"mean_rewards":-13.453076020129531,"_wandb":{"runtime":2},"episode":1000,"epsilon":0.3,"_step":1000}