{"mean_rewards":10.617777777777778,"epsilon":0.1,"_wandb":{"runtime":277},"episode reward":6.4,"loss":135.30267333984375,"_timestamp":1.762734655431283e+09,"episode":90,"_runtime":277.758838881,"_step":90}