{"_timestamp":1.762752460556096e+09,"_runtime":298.123563204,"episode reward":-26.4,"_wandb":{"runtime":298},"episode":90,"mean_rewards":4.456666666666667,"epsilon":0.05,"_step":90,"loss":157.24142456054688}