{"_runtime":271.592514529,"episode reward":155,"_timestamp":1.762713257062034e+09,"_step":90,"epsilon":0.05,"loss":823.5931396484375,"episode":90,"mean_rewards":10.2,"_wandb":{"runtime":271}}