{"episode reward":-10,"_step":90,"_runtime":298.287649105,"episode":90,"epsilon":0.05,"loss":32.812095642089844,"_wandb":{"runtime":298},"_timestamp":1.7627183915498421e+09,"mean_rewards":5.617777777777778}