{"_step":90,"mean_rewards":-8.566666666666666,"episode":90,"episode reward":-31,"epsilon":0.10999999999999924,"loss":1306.5595703125,"_wandb":{"runtime":8},"_runtime":8.764505934,"_timestamp":1.7623706116835866e+09}