{"epsilon":0.1,"_timestamp":1.762746892454759e+09,"episode reward":-7.4,"mean_rewards":22.981111111111108,"loss":431.0150451660156,"episode":90,"_wandb":{"runtime":286},"_step":90,"_runtime":286.327387528}