{"episode reward":-16.8,"episode":90,"mean_rewards":10.773333333333333,"epsilon":0.1,"loss":114.37435150146484,"_runtime":289.541019186,"_timestamp":1.7627251173085747e+09,"_wandb":{"runtime":289},"_step":90}