{"loss":830.0006103515625,"_wandb":{"runtime":279},"epsilon":0.1,"_timestamp":1.7627126081393762e+09,"_step":90,"episode":90,"_runtime":279.608797886,"episode reward":-34,"mean_rewards":28.95}