{"episode":90,"_step":90,"_wandb":{"runtime":204},"_runtime":204.530669103,"loss":211.9281463623047,"_timestamp":1.7626974108500652e+09,"epsilon":0.05,"mean_rewards":7.816666666666666,"episode reward":200}