{"_wandb":{"runtime":242},"episode reward":-8.600000000000001,"epsilon":0.05,"episode":90,"_runtime":242.19995143,"loss":252.9379425048828,"_step":90,"mean_rewards":9.744444444444444,"_timestamp":1.7627686966558106e+09}