{"_step":100,"_wandb":{"runtime":282},"_runtime":282.007221688,"episode":100,"epsilon":0.0062321360214042075,"_timestamp":1.7619970210170085e+09,"mean_rewards":-10.66,"episode reward":-10,"loss":1.4256012439727783}