{"mean_rewards":6.529999999999999,"epsilon":0.1,"_step":90,"episode reward":3.299999999999997,"_wandb":{"runtime":298},"loss":183.91812133789062,"_runtime":298.355804937,"_timestamp":1.762756358357974e+09,"episode":90}