{"test_accuracy":0.36666666666666664,"loss":0.23755841851234435,"_timestamp":1.7621190953183951e+09,"_step":9,"episode":90,"_wandb":{"runtime":23},"mean_reward":-13.9,"_runtime":23,"epsilon":0.691000000000001}