{"episode":90,"loss":0.3421041965484619,"episode reward":-9.599999999999998,"_step":90,"epsilon":0.40882017442254937,"_runtime":2.422081663,"buffer_size":15000,"mean_rewards":13.946666666666669,"_timestamp":1.763326012984523e+09,"_wandb":{"runtime":2}}