{"_step":90,"episode":90,"_wandb":{"runtime":204},"epsilon":0.1,"_runtime":204.281210968,"_timestamp":1.762701177170145e+09,"mean_rewards":15.483333333333333,"loss":438.0294494628906,"episode reward":129.5}