{"episode reward":-16.9,"epsilon":0.1,"episode":90,"_wandb":{"runtime":269},"loss":271.7657775878906,"_timestamp":1.762761157501907e+09,"mean_rewards":17.45,"_step":90,"_runtime":269.700528361}