{"mean_reward":-16.3,"epsilon":0.691000000000001,"loss":0.23681184351444245,"_timestamp":1.762182930913725e+09,"_step":8,"episode":90,"_wandb":{"runtime":152},"_runtime":152}