{"loss":1.531226396560669,"_step":100,"_wandb":{"runtime":14},"mean_rewards":-9.475,"_runtime":14.343364316,"_timestamp":1.7620162073586783e+09,"episode":100,"episode reward":-10,"epsilon":0.0001}