{"episode reward":-22.8,"_step":90,"mean_rewards":9.762222222222224,"_timestamp":1.76276467647929e+09,"_wandb":{"runtime":273},"epsilon":0.1,"loss":215.69778442382812,"episode":90,"_runtime":273.356550772}