{"episode":90,"mean_rewards":6.376666666666668,"_runtime":296.955551674,"episode reward":-22.8,"_step":90,"_wandb":{"runtime":296},"epsilon":0.1,"loss":244.2700653076172,"_timestamp":1.7627557582200103e+09}