{"epsilon":0.05,"_timestamp":1.7626999577409363e+09,"_runtime":202.243211079,"episode":90,"loss":338.93048095703125,"_wandb":{"runtime":202},"mean_rewards":7.033333333333333,"episode reward":23,"_step":90}