{"_runtime":260.363965768,"_wandb":{"runtime":260},"episode":90,"episode reward":-26.4,"mean_rewards":11.977777777777776,"epsilon":0.1,"_timestamp":1.7627712675667298e+09,"loss":313.0122375488281,"_step":90}