{"episode":90,"_wandb":{"runtime":2},"_runtime":2.314479799,"_step":90,"episode reward":-10.800000000000004,"epsilon":0.40882017442254937,"mean_rewards":-3.149444444444445,"_timestamp":1.7634795598019135e+09,"loss":0.6352087259292603}