{"_runtime":292.086814239,"_timestamp":1.7627109654460526e+09,"epsilon":0.05,"loss":568.38916015625,"episode reward":-37,"_wandb":{"runtime":292},"_step":90,"episode":90,"mean_rewards":9.6}