{"epsilon":0.10999999999999924,"_step":90,"episode":90,"_wandb":{"runtime":10},"_timestamp":1.7623734987104673e+09,"loss":4.181951522827148,"episode reward":-35.5,"_runtime":10.52407079,"mean_rewards":-25.822222222222223}