{"episode":90,"mean_rewards":4.662222222222221,"_wandb":{"runtime":411},"_runtime":411.45324075,"_timestamp":1.762739285146625e+09,"episode reward":43.99999999999999,"_step":90,"epsilon":0.05,"loss":85.3290023803711}