{"_runtime":200.076223432,"_wandb":{"runtime":200},"_timestamp":1.7627009714365602e+09,"mean_rewards":-2.5166666666666666,"loss":284.6658935546875,"episode reward":-35.5,"episode":90,"_step":90,"epsilon":0.1}