{"_runtime":262.121419227,"epsilon":0.05,"_timestamp":1.7627595321154065e+09,"episode reward":-28.8,"_wandb":{"runtime":262},"episode":90,"loss":169.67001342773438,"_step":90,"mean_rewards":3.2455555555555553}