{"_wandb":{"runtime":186},"_step":90,"epsilon":0.1,"_runtime":186.149386139,"episode":90,"episode reward":-32.5,"_timestamp":1.7621053925064409e+09,"loss":124.32975006103516,"mean_rewards":-13.75}