{"mean_rewards":-12.777777777777779,"episode reward":-20.5,"_runtime":271.813979376,"_step":90,"episode":90,"epsilon":0.01,"_wandb":{"runtime":271},"loss":0.9914509654045105,"_timestamp":1.7605672725599196e+09}