{"_runtime":2.509761032,"_timestamp":1.7645134190848649e+09,"episode":1000,"mean_rewards":-7.644749235785758,"episode reward":-9.70761100166297,"loss":0.32098230719566345,"_step":1000,"epsilon":0.3,"_wandb":{"runtime":2}}