{"mean_rewards":5.233333333333333,"episode":90,"_timestamp":1.7627154681420233e+09,"_wandb":{"runtime":272},"loss":403.4600830078125,"_runtime":272.744090578,"episode reward":-35.5,"epsilon":0.05,"_step":90}