{"mean_rewards":4.266666666666667,"epsilon":0.1,"episode reward":60.5,"_wandb":{"runtime":1},"loss":334.7663269042969,"episode":90,"_timestamp":1.762686209278763e+09,"_runtime":1.5034290289999999,"_step":90}