{"_runtime":269.122972278,"episode reward":-26.4,"_timestamp":1.7627663239153054e+09,"loss":526.8751831054688,"_step":90,"_wandb":{"runtime":269},"episode":90,"mean_rewards":6.7222222222222205,"epsilon":0.05}