{"_runtime":268.64307954,"mean_rewards":1.8222222222222222,"_timestamp":1.7627435442708244e+09,"_step":90,"_wandb":{"runtime":268},"loss":99.61381530761719,"episode":90,"episode reward":94.8,"epsilon":0.05}