{"_wandb":{"runtime":367},"_runtime":367.025413081,"episode reward":-15.2,"epsilon":0.05,"_step":90,"loss":91.96456909179688,"mean_rewards":1.013333333333333,"episode":90,"_timestamp":1.762729043979673e+09}