{"_step":1000,"episode reward":-18.817082635805335,"_wandb":{"runtime":3},"_runtime":3.082568366,"epsilon":0.3,"_timestamp":1.7640856254289393e+09,"episode":1000,"mean_rewards":-19.861170534494807,"loss":0.49500903487205505}