{"_timestamp":1.7627624970925057e+09,"episode reward":-22.8,"epsilon":0.1,"_step":90,"episode":90,"mean_rewards":7.654444444444445,"_wandb":{"runtime":264},"loss":320.9361877441406,"_runtime":264.658557854}