{"_step":90,"loss":155.83914184570312,"_wandb":{"runtime":245},"episode":90,"_runtime":245.505787626,"episode reward":89.6,"epsilon":0.05,"mean_rewards":5.44,"_timestamp":1.7627409020242896e+09}