{"loss":100.74826049804688,"_step":90,"episode reward":-19.2,"_wandb":{"runtime":270},"mean_rewards":7.386666666666666,"epsilon":0.05,"episode":90,"_timestamp":1.762726027749118e+09,"_runtime":270.407675084}