{"loss":123.86521911621094,"_wandb":{"runtime":301},"_step":90,"episode reward":-15.199999999999998,"_runtime":301.461216445,"mean_rewards":8.364444444444445,"episode":90,"epsilon":0.05,"_timestamp":1.7627177844204218e+09}