{"_wandb":{"runtime":3},"epsilon":0.1352759542790559,"_runtime":3.846302751,"_step":40,"episode":40,"episode reward":-15.2,"mean_rewards":-4.959999999999999,"loss":8.26023006439209,"_timestamp":1.7633220935434275e+09}