{"loss":453.3153381347656,"_wandb":{"runtime":0},"_timestamp":1.762687368567191e+09,"episode":90,"epsilon":0.1,"_step":90,"episode reward":-32.5,"mean_rewards":0,"_runtime":0.717811046}