{"_runtime":290.987097717,"mean_rewards":8.655555555555557,"episode reward":-26.4,"loss":346.8479309082031,"episode":90,"_timestamp":1.7627498216129103e+09,"_step":90,"_wandb":{"runtime":290},"epsilon":0.05}