{"epsilon":0.40882017442254937,"_step":90,"loss":3.8758888244628906,"_timestamp":1.7633371447250714e+09,"episode":90,"_wandb":{"runtime":2},"episode reward":38.60000000000001,"mean_rewards":-2.4399999999999977,"_runtime":2.891629949}